{
  "per_state": {
    "per_finger": {
      "thumb": 0.8526315789473684,
      "index": 0.9789473684210527,
      "middle": 0.9263157894736842,
      "ring": 0.8842105263157894,
      "pinky": 0.9052631578947369
    },
    "combos_by_flexed_count": {
      "0": 1,
      "5": 1,
      "1": 5,
      "2": 2,
      "3": 1
    },
    "similar_pairs": 10
  },
  "confusion": {
    "finger_errors": {
      "thumb": {
        "fp_rate": 0.037037037037037035,
        "fn_rate": 0.1951219512195122
      },
      "index": {
        "fp_rate": 0.06451612903225806,
        "fn_rate": 0.0
      },
      "middle": {
        "fp_rate": 0.0,
        "fn_rate": 0.2692307692307692
      },
      "ring": {
        "fp_rate": 0.1506849315068493,
        "fn_rate": 0.18181818181818182
      },
      "pinky": {
        "fp_rate": 0.14285714285714285,
        "fn_rate": 0.5454545454545454
      }
    },
    "top_misclassifications": {
      "feeee->eeeff": 8,
      "eefee->fffff": 2,
      "eefff->efeee": 2,
      "eefff->eeeee": 2,
      "eefff->eeefe": 2,
      "feeee->feeff": 1,
      "eefee->eeeef": 1
    },
    "hamming_distribution": {
      "3": 10,
      "2": 4,
      "4": 4
    }
  },
  "temporal": {
    "avg_flip_rate": [
      0.0,
      0.0,
      0.0006097560975609756,
      0.0,
      0.0006097560975609756
    ],
    "avg_confidence_variance": [
      0.000529774796536131,
      0.0002971209878459636,
      0.000596491826447823,
      9.867506017579488e-05,
      0.0007840089948405127
    ],
    "avg_consistency": [
      1.0,
      1.0,
      0.9987878787878788,
      1.0,
      0.9987878787878788
    ],
    "per_combo": {
      "eeeee": {
        "flip_rate": [
          0.0,
          0.0,
          0.0,
          0.0,
          0.0
        ],
        "conf_variance": [
          8.329310219323816e-08,
          4.428353029325288e-13,
          5.042358197648866e-11,
          2.5213100704468694e-11,
          1.153489415095521e-09
        ],
        "consistency": [
          1.0,
          1.0,
          1.0,
          1.0,
          1.0
        ],
        "n_windows": 477
      },
      "fffff": {
        "flip_rate": [
          0.0,
          0.0,
          0.0,
          0.0,
          0.0
        ],
        "conf_variance": [
          9.915361260937061e-06,
          7.18393930583261e-05,
          3.269853095844155e-06,
          3.451204611337744e-05,
          1.6597217836533673e-05
        ],
        "consistency": [
          1.0,
          1.0,
          1.0,
          1.0,
          1.0
        ],
        "n_windows": 176
      },
      "feeee": {
        "flip_rate": [
          0.0,
          0.0,
          0.0,
          0.0,
          0.0
        ],
        "conf_variance": [
          5.207668436923996e-06,
          1.2110796205888619e-06,
          1.0752238921440949e-07,
          6.901444749018992e-08,
          5.3389093146449795e-09
        ],
        "consistency": [
          1.0,
          1.0,
          1.0,
          1.0,
          1.0
        ],
        "n_windows": 152
      },
      "efeee": {
        "flip_rate": [
          0.0,
          0.0,
          0.0,
          0.0,
          0.0
        ],
        "conf_variance": [
          0.0007853272836655378,
          6.16027818978182e-06,
          0.0004912353469990194,
          0.0007868947577662766,
          0.0010126675479114056
        ],
        "consistency": [
          1.0,
          1.0,
          1.0,
          1.0,
          1.0
        ],
        "n_windows": 161
      },
      "eefee": {
        "flip_rate": [
          0.0,
          0.0,
          0.006097560975609756,
          0.0,
          0.006097560975609756
        ],
        "conf_variance": [
          0.00449642539024353,
          0.002888738876208663,
          0.005455322563648224,
          0.0001566684659337625,
          0.006517477333545685
        ],
        "consistency": [
          1.0,
          1.0,
          0.9878787878787879,
          1.0,
          0.9878787878787879
        ],
        "n_windows": 165
      },
      "eeefe": {
        "flip_rate": [
          0.0,
          0.0,
          0.0,
          0.0,
          0.0
        ],
        "conf_variance": [
          1.3607485982447542e-07,
          2.2946660127587393e-09,
          9.37871362793885e-08,
          1.822056461264765e-08,
          3.8434384919128206e-07
        ],
        "consistency": [
          1.0,
          1.0,
          1.0,
          1.0,
          1.0
        ],
        "n_windows": 213
      },
      "eeeef": {
        "flip_rate": [
          0.0,
          0.0,
          0.0,
          0.0,
          0.0
        ],
        "conf_variance": [
          3.7663406260435295e-07,
          3.166661372233648e-06,
          1.4490248759102542e-05,
          7.554931926279096e-06,
          0.00029274303233250976
        ],
        "consistency": [
          1.0,
          1.0,
          1.0,
          1.0,
          1.0
        ],
        "n_windows": 145
      },
      "ffeee": {
        "flip_rate": [
          0.0,
          0.0,
          0.0,
          0.0,
          0.0
        ],
        "conf_variance": [
          7.240605270908418e-08,
          5.1265693912228016e-08,
          6.215881853677274e-08,
          7.28029858620971e-09,
          4.782869211794605e-09
        ],
        "consistency": [
          1.0,
          1.0,
          1.0,
          1.0,
          1.0
        ],
        "n_windows": 213
      },
      "eeeff": {
        "flip_rate": [
          0.0,
          0.0,
          0.0,
          0.0,
          0.0
        ],
        "conf_variance": [
          1.65923424333414e-07,
          2.254137099200193e-09,
          1.089087646732878e-07,
          1.0225099913441227e-06,
          1.7470757995852182e-07
        ],
        "consistency": [
          1.0,
          1.0,
          1.0,
          1.0,
          1.0
        ],
        "n_windows": 151
      },
      "eefff": {
        "flip_rate": [
          0.0,
          0.0,
          0.0,
          0.0,
          0.0
        ],
        "conf_variance": [
          3.793025271647821e-08,
          3.77750701829882e-08,
          2.2782444375479827e-07,
          3.3495031193098157e-09,
          3.449008190159475e-08
        ],
        "consistency": [
          1.0,
          1.0,
          1.0,
          1.0,
          1.0
        ],
        "n_windows": 222
      }
    }
  },
  "feature_importance": {
    "finger_deltas": {
      "thumb": [
        341.26707430531593,
        -66.66208750886628,
        -389.4206203432124
      ],
      "index": [
        583.8118134985475,
        -158.64299655047205,
        1030.0874840194565
      ],
      "middle": [
        657.1919940998829,
        -562.9813176817262,
        746.410630465535
      ],
      "ring": [
        -663.4132016130715,
        416.52415762116283,
        247.91594437319264
      ],
      "pinky": [
        543.76039662498,
        -872.6316911049984,
        2719.9726316154265
      ]
    },
    "axis_variance": [
      305010.9289624913,
      122259.4450710841,
      644081.0374736001
    ],
    "axis_range": [
      1712.711012721115,
      1289.1558487261614,
      3109.393251958639
    ]
  },
  "noise_robustness": {
    "0": 1.0,
    "5": 0.9995238095238095,
    "10": 0.9995238095238095,
    "20": 1.0,
    "50": 0.9923809523809524,
    "100": 0.9766666666666667
  },
  "sample_efficiency": {
    "0.1": {
      "n_samples": 39,
      "accuracy": 0.6989473684210527
    },
    "0.25": {
      "n_samples": 98,
      "accuracy": 0.8757894736842106
    },
    "0.5": {
      "n_samples": 197,
      "accuracy": 0.9031578947368422
    },
    "0.75": {
      "n_samples": 295,
      "accuracy": 0.9221052631578948
    },
    "1.0": {
      "n_samples": 394,
      "accuracy": 0.92
    }
  },
  "calibration": {
    "thumb": {
      "ece": "0.0537885",
      "bins": [
        {
          "bin": 0,
          "mean_pred": "0.016325014",