{
  "v3_baseline": {
    "train": {
      "overall_acc": 0.9478260869565217,
      "per_finger": {
        "thumb": 0.9565217391304348,
        "index": 0.9565217391304348,
        "middle": 0.9855072463768116,
        "ring": 0.8985507246376812,
        "pinky": 0.9420289855072463
      }
    },
    "val": {
      "overall_acc": 0.9545454545454546,
      "per_finger": {
        "thumb": 0.9772727272727273,
        "index": 0.9772727272727273,
        "middle": 1.0,
        "ring": 0.9318181818181818,
        "pinky": 0.8863636363636364
      }
    },
    "test": {
      "overall_acc": 0.6989473684210527,
      "per_finger": {
        "thumb": 0.5684210526315789,
        "index": 0.6526315789473685,
        "middle": 0.7894736842105263,
        "ring": 0.9368421052631579,
        "pinky": 0.5473684210526316
      }
    }
  },
  "v4_regularized": {
    "train": {
      "overall_acc": 0.9188405797101449,
      "per_finger": {
        "thumb": 0.9565217391304348,
        "index": 0.9565217391304348,
        "middle": 0.9855072463768116,
        "ring": 0.7536231884057971,
        "pinky": 0.9420289855072463
      }
    },
    "val": {
      "overall_acc": 0.9227272727272727,
      "per_finger": {
        "thumb": 0.9772727272727273,
        "index": 0.9772727272727273,
        "middle": 1.0,
        "ring": 0.7272727272727273,
        "pinky": 0.9318181818181818
      }
    },
    "test": {
      "overall_acc": 0.7010526315789474,
      "per_finger": {
        "thumb": 0.5684210526315789,
        "index": 0.6526315789473685,
        "middle": 0.7473684210526316,
        "ring": 0.7894736842105263,
        "pinky": 0.7473684210526316
      }
    }
  },
  "v4_attention": {
    "train": {
      "overall_acc": 0.9478260869565217,
      "per_finger": {
        "thumb": 0.9565217391304348,
        "index": 0.9565217391304348,
        "middle": 0.9855072463768116,
        "ring": 0.8985507246376812,
        "pinky": 0.9420289855072463
      }
    },
    "val": {
      "overall_acc": 0.9590909090909091,
      "per_finger": {
        "thumb": 0.9772727272727273,
        "index": 0.9772727272727273,
        "middle": 1.0,
        "ring": 0.9318181818181818,
        "pinky": 0.9090909090909091
      }
    },
    "test": {
      "overall_acc": 0.6631578947368421,
      "per_finger": {
        "thumb": 0.5684210526315789,
        "index": 0.5368421052631579,
        "middle": 0.7894736842105263,
        "ring": 0.9263157894736842,
        "pinky": 0.49473684210526314
      }
    }
  },
  "v4_residual": {
    "train": {
      "overall_acc": 0.9652173913043478,
      "per_finger": {
        "thumb": 0.9710144927536232,
        "index": 0.9710144927536232,
        "middle": 0.9855072463768116,
        "ring": 0.9565217391304348,
        "pinky": 0.9420289855072463
      }
    },
    "val": {
      "overall_acc": 0.9681818181818181,
      "per_finger": {
        "thumb": 0.9772727272727273,
        "index": 0.9772727272727273,
        "middle": 1.0,
        "ring": 0.9772727272727273,
        "pinky": 0.9090909090909091
      }
    },
    "test": {
      "overall_acc": 0.6168421052631579,
      "per_finger": {
        "thumb": 0.6947368421052632,
        "index": 0.5578947368421052,
        "middle": 0.7894736842105263,
        "ring": 0.5578947368421052,
        "pinky": 0.4842105263157895
      }
    }
  },
  "v4_perfinger": {
    "train": {
      "overall_acc": 0.9594202898550724,
      "per_finger": {
        "thumb": 0.9565217391304348,
        "index": 0.9565217391304348,
        "middle": 0.9855072463768116,
        "ring": 0.9565217391304348,
        "pinky": 0.9420289855072463
      }
    },
    "val": {
      "overall_acc": 0.9590909090909091,
      "per_finger": {
        "thumb": 0.9772727272727273,
        "index": 0.9772727272727273,
        "middle": 1.0,
        "ring": 0.9318181818181818,
        "pinky": 0.9090909090909091
      }
    },
    "test": {
      "overall_acc": 0.68,
      "per_finger": {
        "thumb": 0.5684210526315789,
        "index": 0.6526315789473685,
        "middle": 0.7894736842105263,
        "ring": 0.9578947368421052,
        "pinky": 0.43157894736842106
      }
    }
  }
}