{
  "method": "nearest_neighbor_interpolation",
  "baseline": [
    45.952088155864196,
    -45.77968267746913,
    31.34002057613169
  ],
  "results": {
    "synth_accuracy": 0.45511904761904765,
    "real_accuracy": 0.9006928406466512,
    "per_finger": {
      "thumb": 0.9510392609699769,
      "index": 0.9644341801385681,
      "middle": 0.9736720554272518,
      "ring": 0.9695150115473441,
      "pinky": 0.9676674364896074
    },
    "gap": -0.4455737930276036
  }
}