{
  "sequential": {
    "test_acc": 0.9221052631578948,
    "per_finger": {
      "thumb": 0.8631578947368421,
      "index": 0.9578947368421052,
      "middle": 0.968421052631579,
      "ring": 0.8736842105263158,
      "pinky": 0.9473684210526315
    }
  },
  "sorted": {
    "test_acc": 0.9410526315789474,
    "per_finger": {
      "thumb": 0.8315789473684211,
      "index": 0.9578947368421052,
      "middle": 0.9789473684210527,
      "ring": 1.0,
      "pinky": 0.9368421052631579
    }
  },
  "cloud_features": {
    "test_acc": 0.8547368421052631,
    "per_finger": {
      "thumb": 0.6842105263157895,
      "index": 0.8736842105263158,
      "middle": 0.8105263157894737,
      "ring": 0.968421052631579,
      "pinky": 0.9368421052631579
    }
  },
  "pairwise_distance": {
    "test_acc": 0.6863157894736842,
    "per_finger": {
      "thumb": 0.5684210526315789,
      "index": 0.6526315789473685,
      "middle": 0.7368421052631579,
      "ring": 0.7578947368421053,
      "pinky": 0.7157894736842105
    }
  },
  "mean_only": {
    "test_acc": 0.9136842105263158,
    "per_finger": {
      "thumb": 0.7894736842105263,
      "index": 0.9052631578947369,
      "middle": 0.968421052631579,
      "ring": 0.9578947368421052,
      "pinky": 0.9473684210526315
    }
  }
}