{
  "results": [
    {
      "config": {
        "arch": "cnn",
        "filters": [
          32,
          64,
          64
        ],
        "kernel_size": 5,
        "dropout": 0.3,
        "lr": 0.001
      },
      "train_acc": 0.3202004134654999,
      "val_acc": 0.2886762320995331,
      "test_acc": 0.3181818127632141,
      "finger_acc": [
        0.970494417862839,
        0.9808612440191388,
        0.9872408293460925,
        0.9744816586921851,
        0.9984051036682615
      ],
      "real_acc": 0.9923664122137404,
      "synth_acc": 0.9777003484320558,
      "epochs_trained": 29,
      "best_val_loss": 0.03376182168722153,
      "generalization_gap": -0.014666063781684668
    },
    {
      "config": {
        "arch": "cnn",
        "filters": [
          64,
          128,
          128
        ],
        "kernel_size": 5,
        "dropout": 0.3,
        "lr": 0.001
      },
      "train_acc": 0.35458892583847046,
      "val_acc": 0.31578946113586426,
      "test_acc": 0.35087719559669495,
      "finger_acc": [
        0.970494417862839,
        0.9728867623604466,
        0.9808612440191388,
        0.9736842105263158,
        0.9984051036682615
      ],
      "real_acc": 0.9938931297709923,
      "synth_acc": 0.9725900116144018,
      "epochs_trained": 13,
      "best_val_loss": 0.05027322098612785,
      "generalization_gap": -0.021303118156590473
    },
    {
      "config": {
        "arch": "cnn",
        "filters": [
          32,
          64,
          64
        ],
        "kernel_size": 3,
        "dropout": 0.2,
        "lr": 0.001
      },
      "train_acc": 0.33978593349456787,
      "val_acc": 0.30622008442878723,
      "test_acc": 0.31738436222076416,
      "finger_acc": [
        0.9800637958532695,
        0.9720893141945773,
        0.9864433811802232,
        0.981658692185008,
        0.9976076555023924
      ],
      "real_acc": 0.9964376590330789,
      "synth_acc": 0.9777003484320558,
      "epochs_trained": 28,
      "best_val_loss": 0.03356048837304115,
      "generalization_gap": -0.018737310601023127
    },
    {
      "config": {
        "arch": "cnn",
        "filters": [
          32,
          64,
          64
        ],
        "kernel_size": 7,
        "dropout": 0.4,
        "lr": 0.0005
      },
      "train_acc": 0.30562514066696167,
      "val_acc": 0.2870813310146332,
      "test_acc": 0.3054226338863373,
      "finger_acc": [
        0.9752791068580542,
        0.9808612440191388,
        0.9840510366826156,
        0.9840510366826156,
        0.9992025518341308
      ],
      "real_acc": 0.9944020356234097,
      "synth_acc": 0.9802555168408827,
      "epochs_trained": 41,
      "best_val_loss": 0.03460514172911644,
      "generalization_gap": -0.014146518782526929
    },
    {
      "config": {
        "arch": "lstm",
        "units": [
          64,
          32
        ],
        "dropout": 0.3,
        "lr": 0.001
      },
      "train_acc": 0.3035754859447479,
      "val_acc": 0.32216906547546387,
      "test_acc": 0.30622008442878723,
      "finger_acc": [
        0.9354066985645934,
        0.9641148325358851,
        0.9202551834130781,
        0.9393939393939394,
        0.9952153110047847
      ],
      "real_acc": 0.9903307888040712,
      "synth_acc": 0.9328687572590012,
      "epochs_trained": 23,
      "best_val_loss": 0.09126622974872589,
      "generalization_gap": -0.057462031545070014
    },
    {
      "config": {
        "arch": "lstm",
        "units": [
          128,
          64
        ],
        "dropout": 0.3,
        "lr": 0.001
      },
      "train_acc": 0.30721932649612427,
      "val_acc": 0.2918660342693329,
      "test_acc": 0.29585325717926025,
      "finger_acc": [
        0.9529505582137161,
        0.9633173843700159,
        0.960127591706539,
        0.9665071770334929,
        0.9984051036682615
      ],
      "real_acc": 0.9959287531806615,
      "synth_acc": 0.9556329849012776,
      "epochs_trained": 39,
      "best_val_loss": 0.06580869108438492,
      "generalization_gap": -0.04029576827938397
    },
    {
      "config": {
        "arch": "lstm",
        "units": [
          64,
          32
        ],
        "dropout": 0.2,
        "lr": 0.0005
      },
      "train_acc": 0.35140058398246765,
      "val_acc": 0.3684210479259491,
      "test_acc": 0.34210526943206787,
      "finger_acc": [
        0.9417862838915471,
        0.9593301435406698,
        0.9354066985645934,
        0.9513556618819776,
        0.9952153110047847
      ],
      "real_acc": 0.9893129770992366,
      "synth_acc": 0.9416957026713124,
      "epochs_trained": 45,
      "best_val_loss": 0.08784109354019165,
      "generalization_gap": -0.04761727442792418
    },
    {
      "config": {
        "arch": "transformer",
        "num_heads": 4,
        "ff_dim": 64,
        "dropout": 0.2,
        "lr": 0.001
      },
      "train_acc": 0.40081986784935,
      "val_acc": 0.4051036536693573,
      "test_acc": 0.42105263471603394,
      "finger_acc": [
        0.9322169059011164,
        0.960127591706539,
        0.886762360446571,
        0.9417862838915471,
        0.960127591706539
      ],
      "real_acc": 0.9908396946564886,
      "synth_acc": 0.9112659698025551,
      "epochs_trained": 44,
      "best_val_loss": 0.12657733261585236,
      "generalization_gap": -0.07957372485393344
    },
    {
      "config": {
        "arch": "transformer",
        "num_heads": 2,
        "ff_dim": 128,
        "dropout": 0.2,
        "lr": 0.0005
      },
      "train_acc": 0.39945343136787415,
      "val_acc": 0.39234450459480286,
      "test_acc": 0.4082934558391571,
      "finger_acc": [
        0.9282296650717703,
        0.9577352472089314,
        0.8763955342902712,
        0.9330143540669856,
        0.9553429027113237
      ],
      "real_acc": 0.9801526717557252,
      "synth_acc": 0.9073170731707317,
      "epochs_trained": 35,
      "best_val_loss": 0.1424219310283661,
      "generalization_gap": -0.07283559858499344
    },
    {
      "config": {
        "arch": "hybrid",
        "lr": 0.001
      },
      "train_acc": 0.3910270929336548,
      "val_acc": 0.3684210479259491,
      "test_acc": 0.37400320172309875,
      "finger_acc": [
        0.9808612440191388,
        0.9784688995215312,
        0.9864433811802232,
        0.9792663476874003,
        0.9952153110047847
      ],
      "real_acc": 0.9908396946564886,
      "synth_acc": 0.9809523809523809,
      "epochs_trained": 30,
      "best_val_loss": 0.03401883691549301,
      "generalization_gap": -0.00988731370410767
    },
    {
      "config": {
        "arch": "hybrid",
        "lr": 0.0005
      },
      "train_acc": 0.3771350383758545,
      "val_acc": 0.3652312457561493,
      "test_acc": 0.3628389239311218,
      "finger_acc": [
        0.9896331738437002,
        0.9760765550239234,
        0.9848484848484849,
        0.9744816586921851,
        0.9984051036682615
      ],
      "real_acc": 0.9938931297709923,
      "synth_acc": 0.9804878048780488,
      "epochs_trained": 34,
      "best_val_loss": 0.031191905960440636,
      "generalization_gap": -0.013405324892943549
    }
  ],
  "analysis": {
    "best_models": {
      "overall": {
        "config": {
          "arch": "transformer",
          "num_heads": 4,
          "ff_dim": 64,
          "dropout": 0.2,
          "lr": 0.001
        },
        "train_acc": 0.40081986784935,
        "val_acc": 0.4051036536693573,
        "test_acc": 0.42105263471603394,
        "finger_acc": [
          0.9322169059011164,
          0.960127591706539,
          0.886762360446571,
          0.9417862838915471,
          0.960127591706539
        ],
        "real_acc": 0.9908396946564886,
        "synth_acc": 0.9112659698025551,
        "epochs_trained": 44,
        "best_val_loss": 0.12657733261585236,
        "generalization_gap": -0.07957372485393344
      },
      "cnn": {
        "config": {
          "arch": "cnn",