{
  "rotation": [
    [
      0.3978720163850951,
      -0.8895075337363358,
      -0.22466465232421284
    ],
    [
      -0.8766597651614675,
      -0.29641155643292033,
      -0.3789562578452219
    ],
    [
      0.2704912470389734,
      0.34773055177725576,
      -0.897729329272463
    ]
  ],
  "translation": [
    2487.063003836136,
    1193.0759347384385,
    7931.263900081174
  ],
  "scale": 96.30183401042808,
  "source_session": "2025-12-31T14_06_18.270Z.json",
  "single_finger_codes": [
    "20000",
    "02000",
    "00200",
    "00020",
    "00002"
  ]
}