{
  "STRICT": {
    "raw": {
      "train_acc": 0.9,
      "test_acc": 0.7666666666666667,
      "per_finger": {
        "thumb": 0.5,
        "index": 0.6666666666666666,
        "middle": 0.6666666666666666,
        "ring": 1.0,
        "pinky": 1.0
      },
      "norm_stats": {
        "mean": [
          8.69140625,
          -299.0214029947917,
          1239.6036783854167,
          -0.8504231770833334,
          -1.2552897135416667,
          7.645670572916667,
          0.026448567708333332,
          -0.06306966145833333,
          0.0244140625
        ],
        "std": [
          582.54638781502,
          451.81073358869327,
          1354.094776841249,
          14.298291288074266,
          20.66784608930912,
          58.21898229017754,
          20.255725849761774,
          29.279281359074243,
          83.04085228297726
        ]
      }
    },
    "baseline_subtracted": {
      "train_acc": 0.9,
      "test_acc": 0.7,
      "per_finger": {
        "thumb": 0.5,
        "index": 0.6666666666666666,
        "middle": 0.6666666666666666,
        "ring": 1.0,
        "pinky": 0.6666666666666666
      },
      "norm_stats": {
        "mean": [
          -37.81378283221602,
          -253.1020104173498,
          1208.828750115619,
          -0.8504231770833334,
          -1.2552897135416667,
          7.645670572916667,
          0.026448567708333332,
          -0.06306966145833333,
          0.0244140625
        ],
        "std": [
          582.54638781502,
          451.81073358869327,
          1354.0947768412495,
          14.298291288074266,
          20.66784608930912,
          58.21898229017754,
          20.255725849761774,
          29.279281359074243,
          83.04085228297726
        ]
      }
    }
  },
  "MODERATE": {
    "raw": {
      "train_acc": 0.7777777777777778,
      "test_acc": 0.5333333333333333,
      "per_finger": {
        "thumb": 0.5555555555555556,
        "index": 0.5555555555555556,
        "middle": 0.6666666666666666,
        "ring": 0.7777777777777778,
        "pinky": 0.1111111111111111
      },
      "norm_stats": {
        "mean": [
          -75.59136284722223,
          -172.77560763888889,
          1010.4329427083334,
          3.6173502604166665,
          -2.2542317708333335,
          -1.0416666666666667,
          2.0955403645833335,
          -0.8043077256944444,
          -2.267795138888889
        ],
        "std": [
          611.8478930065698,
          416.01052000146365,
          1191.889491632975,
          29.242233475667415,
          19.660823392299648,
          59.79556773086539,
          37.69746269052532,
          27.21488253372057,
          82.29462538351386
        ]
      }
    },
    "baseline_subtracted": {
      "train_acc": 0.7555555555555555,
      "test_acc": 0.5555555555555556,
      "per_finger": {
        "thumb": 0.5555555555555556,
        "index": 0.5555555555555556,
        "middle": 0.6666666666666666,
        "ring": 0.7777777777777778,
        "pinky": 0.2222222222222222
      },
      "norm_stats": {
        "mean": [
          -122.09655192943822,
          -126.85621506144705,
          979.6580144385358,
          3.6173502604166665,
          -2.254231770833333,
          -1.0416666666666667,
          2.0955403645833335,
          -0.8043077256944441,
          -2.267795138888889
        ],
        "std": [
          611.8478930065698,
          416.01052000146353,
          1191.889491632975,
          29.242233475667415,
          19.660823392299648,
          59.79556773086539,
          37.69746269052532,
          27.214882533720566,
          82.29462538351386
        ]
      }
    }
  },
  "MEDIAN": {
    "raw": {
      "train_acc": 0.7636363636363637,
      "test_acc": 0.6,
      "per_finger": {
        "thumb": 0.5454545454545454,
        "index": 0.5454545454545454,
        "middle": 0.7272727272727273,
        "ring": 0.7272727272727273,
        "pinky": 0.45454545454545453
      },
      "norm_stats": {
        "mean": [
          39.58851207386363,
          -167.34619140625,
          938.7795188210227,
          3.029563210227273,
          -1.98974609375,
          -1.3483220880681819,
          1.7145330255681819,
          -0.6580699573863636,
          -1.85546875
        ],
        "std": [
          605.3602621013846,
          380.20681233268505,
          1088.9243198977206,
          26.571384432167715,
          17.909633895640944,
          54.26649035684432,
          34.2428516058697,
          24.77594236339063,
          74.65847312771145
        ]
      }
    },
    "baseline_subtracted": {
      "train_acc": 0.8181818181818182,
      "test_acc": 0.5454545454545454,
      "per_finger": {
        "thumb": 0.5454545454545454,
        "index": 0.5454545454545454,
        "middle": 0.7272727272727273,
        "ring": 0.7272727272727273,
        "pinky": 0.18181818181818182
      },
      "norm_stats": {
        "mean": [
          -6.916677008352198,
          -121.42679882880817,
          908.0045905512256,
          3.029563210227273,
          -1.9897460937499998,
          -1.3483220880681819,
          1.7145330255681819,
          -0.6580699573863633,
          -1.85546875
        ],
        "std": [
          605.3602621013845,
          380.206812332685,
          1088.9243198977208,
          26.571384432167715,
          17.90963389564094,
          54.26649035684432,
          34.2428516058697,
          24.77594236339063,
          74.65847312771145
        ]
      }
    }
  }
}