{
  "STRICT": {
    "raw": {
      "train_acc": 0.9,
      "test_acc": 0.7666666666666667,
      "per_finger": {
        "thumb": 0.5,
        "index": 0.6666666666666666,
        "middle": 0.6666666666666666,
        "ring": 1.0,
        "pinky": 1.0
      },
      "norm_stats": {
        "mean": [
          8.69140625,
          -299.0214029947917,
          1239.6036783854167,
          -0.8504231770833334,
          -1.2552897135416667,
          7.645670572916667,
          0.026448567708333332,
          -0.06306966145833333,
          0.0244140625
        ],
        "std": [
          582.54638781502,
          451.81073358869327,
          1354.094776841249,
          14.298291288074266,
          20.66784608930912,
          58.21898229017754,
          20.255725849761774,
          29.279281359074243,
          83.04085228297726
        ]
      }
    },
    "baseline_sub": {
      "train_acc": 0.9,
      "test_acc": 0.7,
      "per_finger": {
        "thumb": 0.5,
        "index": 0.6666666666666666,
        "middle": 0.6666666666666666,
        "ring": 1.0,
        "pinky": 0.6666666666666666
      },
      "norm_stats": {
        "mean": [
          -37.81378283221602,
          -253.1020104173498,
          1208.828750115619,
          -0.8504231770833334,
          -1.2552897135416667,
          7.645670572916667,
          0.026448567708333332,
          -0.06306966145833333,
          0.0244140625
        ],
        "std": [
          582.54638781502,
          451.81073358869327,
          1354.0947768412495,
          14.298291288074266,
          20.66784608930912,
          58.21898229017754,
          20.255725849761774,
          29.279281359074243,
          83.04085228297726
        ]
      }
    },
    "world_frame": {
      "train_acc": 0.7,
      "test_acc": 0.6666666666666666,
      "per_finger": {
        "thumb": 0.16666666666666666,
        "index": 0.6666666666666666,
        "middle": 0.6666666666666666,
        "ring": 1.0,
        "pinky": 0.8333333333333334
      },
      "norm_stats": {
        "mean": [
          -101.32241135876673,
          -351.8240023221265,
          -503.2716367336704,
          89.64808720680344,
          -48.761938471522484,
          41.47846569417965,
          4.194574564058702,
          -5.28086316270853,
          2.671621778845546
        ],
        "std": [
          1575.3632912194091,
          863.7339417056426,
          622.9269585694781,
          666.8740116267653,
          173.60212093629264,
          149.96724184180218,
          940.6409418061398,
          209.93227675501817,
          141.81539335139152
        ]
      }
    },
    "world_sub": {
      "train_acc": 0.6666666666666666,
      "test_acc": 0.5666666666666667,
      "per_finger": {
        "thumb": 0.5,
        "index": 0.6666666666666666,
        "middle": 0.3333333333333333,
        "ring": 0.5,
        "pinky": 0.8333333333333334
      },
      "norm_stats": {
        "mean": [
          -49.928225446074066,
          -351.4677783056795,
          -473.99846155116,
          89.64808720680344,
          -48.761938471522484,
          41.47846569417965,
          4.194574564058702,
          -5.28086316270853,
          2.6716217788455445
        ],
        "std": [
          1575.3632912194091,
          863.7339417056425,
          622.9269585694781,
          666.8740116267653,
          173.60212093629264,
          149.96724184180215,
          940.6409418061398,
          209.93227675501817,
          141.81539335139152
        ]
      }
    }
  },
  "MODERATE": {
    "raw": {
      "train_acc": 0.8,
      "test_acc": 0.5333333333333333,
      "per_finger": {
        "thumb": 0.5555555555555556,
        "index": 0.5555555555555556,
        "middle": 0.6666666666666666,
        "ring": 0.7777777777777778,
        "pinky": 0.1111111111111111
      },
      "norm_stats": {
        "mean": [
          -75.59136284722223,
          -172.77560763888889,
          1010.4329427083334,
          3.6173502604166665,
          -2.2542317708333335,
          -1.0416666666666667,
          2.0955403645833335,
          -0.8043077256944444,
          -2.267795138888889
        ],
        "std": [
          611.8478930065698,
          416.01052000146365,
          1191.889491632975,
          29.242233475667415,
          19.660823392299648,
          59.79556773086539,
          37.69746269052532,
          27.21488253372057,
          82.29462538351386
        ]
      }
    },
    "baseline_sub": {
      "train_acc": 0.7777777777777778,
      "test_acc": 0.6444444444444445,
      "per_finger": {
        "thumb": 0.5555555555555556,
        "index": 0.5555555555555556,
        "middle": 0.6666666666666666,
        "ring": 0.7777777777777778,
        "pinky": 0.6666666666666666
      },
      "norm_stats": {
        "mean": [
          -122.09655192943822,
          -126.85621506144705,
          979.6580144385358,
          3.6173502604166665,
          -2.254231770833333,
          -1.0416666666666667,
          2.0955403645833335,
          -0.8043077256944441,
          -2.267795138888889
        ],
        "std": [
          611.8478930065698,
          416.01052000146353,
          1191.889491632975,
          29.242233475667415,
          19.660823392299648,
          59.79556773086539,
          37.69746269052532,
          27.214882533720566,
          82.29462538351386
        ]
      }
    },
    "world_frame": {
      "train_acc": 0.8,
      "test_acc": 0.5333333333333333,
      "per_finger": {
        "thumb": 0.5555555555555556,
        "index": 0.6666666666666666,
        "middle": 0.6666666666666666,
        "ring": 0.5555555555555556,
        "pinky": 0.2222222222222222
      },
      "norm_stats": {
        "mean": [
          0.4820483595213116,
          -219.88656030323338,
          -209.38407605646776,
          73.0061040091861,
          -26.799606765283627,
          10.491703657481251,
          4.6912087629252035,
          -2.5924637325734516,
          -4.301934037300487
        ],
        "std": [
          1305.472534923855,
          748.9351640133758,
          816.8285690608727,
          547.3675068059101,
          146.334436495342,
          146.85626209985836,
          769.9717376381,
          173.09585453421457,
          142.41763595690085
        ]
      }
    },
    "world_sub": {
      "train_acc": 0.8666666666666667,
      "test_acc": 0.5777777777777777,
      "per_finger": {
        "thumb": 0.5555555555555556,
        "index": 0.5555555555555556,
        "middle": 0.6666666666666666,
        "ring": 0.7777777777777778,
        "pinky": 0.3333333333333333
      },
      "norm_stats": {
        "mean": [
          51.876234272214,
          -219.53033628678648,
          -180.11090087395743,
          73.0061040091861,
          -26.799606765283627,
          10.491703657481251,
          4.691208762925205,
          -2.5924637325734525,
          -4.301934037300488
        ],
        "std": [
          1305.472534923855,
          748.9351640133759,
          816.8285690608727,
          547.3675068059101,
          146.334436495342,
          146.85626209985836,
          769.9717376381,
          173.09585453421457,
          142.41763595690085
        ]
      }
    }
  },
  "MEDIAN": {
    "raw": {
      "train_acc": 0.7636363636363637,
      "test_acc": 0.6363636363636364,
      "per_finger": {
        "thumb": 0.5454545454545454,
        "index": 0.5454545454545454,
        "middle": 0.9090909090909091,
        "ring": 0.7272727272727273,
        "pinky": 0.45454545454545453
      },
      "norm_stats": {
        "mean": [
          39.58851207386363,
          -167.34619140625,
          938.7795188210227,
          3.029563210227273,
          -1.98974609375,
          -1.3483220880681819,
          1.7145330255681819,
          -0.6580699573863636,
          -1.85546875
        ],