{
  "mag_only_w1_real": {
    "train_acc": 0.7881918819188192,
    "test_acc": 0.6287822878228783,
    "gap": 0.1594095940959409,
    "per_finger": {
      "thumb": 0.577490774907749,
      "index": 0.6549815498154982,
      "middle": 0.7250922509225092,
      "ring": 0.7416974169741697,
      "pinky": 0.4446494464944649
    }
  },
  "mag_only_w2_real": {
    "train_acc": 0.8356472795497186,
    "test_acc": 0.6522556390977443,
    "gap": 0.1833916404519743,
    "per_finger": {
      "thumb": 0.575187969924812,
      "index": 0.6541353383458647,
      "middle": 0.7255639097744361,
      "ring": 0.8627819548872181,
      "pinky": 0.44360902255639095
    }
  },
  "mag_only_w5_real": {
    "train_acc": 0.8459143968871595,
    "test_acc": 0.6893280632411067,
    "gap": 0.1565863336460528,
    "per_finger": {
      "thumb": 0.5691699604743083,
      "index": 0.6521739130434783,
      "middle": 0.7272727272727273,
      "ring": 0.8735177865612648,
      "pinky": 0.6245059288537549
    }
  },
  "mag_only_w10_real": {
    "train_acc": 0.975,
    "test_acc": 0.6147368421052631,
    "gap": 0.36026315789473684,
    "per_finger": {
      "thumb": 0.5368421052631579,
      "index": 0.7263157894736842,
      "middle": 0.7789473684210526,
      "ring": 0.6210526315789474,
      "pinky": 0.4105263157894737
    }
  },
  "mag_only_w25_real": {
    "train_acc": 0.9542857142857143,
    "test_acc": 0.6133333333333333,
    "gap": 0.340952380952381,
    "per_finger": {
      "thumb": 0.43333333333333335,
      "index": 0.6666666666666666,
      "middle": 0.7666666666666667,
      "ring": 0.43333333333333335,
      "pinky": 0.7666666666666667
    }
  },
  "mag_w10_synth0": {
    "train_acc": 0.9395833333333333,
    "test_acc": 0.7115789473684211,
    "gap": 0.22800438596491224,
    "per_finger": {
      "thumb": 0.47368421052631576,
      "index": 0.7263157894736842,
      "middle": 0.7684210526315789,
      "ring": 0.9473684210526315,
      "pinky": 0.6421052631578947
    }
  },
  "mag_w10_synth25": {
    "train_acc": 0.7491803278688525,
    "test_acc": 0.6989473684210527,
    "gap": 0.05023295944779982,
    "per_finger": {
      "thumb": 0.7052631578947368,
      "index": 0.6526315789473685,
      "middle": 0.7263157894736842,
      "ring": 0.7684210526315789,
      "pinky": 0.6421052631578947
    }
  },
  "mag_w10_synth50": {
    "train_acc": 0.7624365482233503,
    "test_acc": 0.7578947368421053,
    "gap": 0.004541811381244987,
    "per_finger": {
      "thumb": 0.5578947368421052,
      "index": 0.6526315789473685,
      "middle": 0.7263157894736842,
      "ring": 0.9578947368421052,
      "pinky": 0.8947368421052632
    }
  },
  "mag_w10_synth75": {
    "train_acc": 0.7121323529411765,
    "test_acc": 0.7852631578947369,
    "gap": -0.07313080495356039,
    "per_finger": {
      "thumb": 0.5684210526315789,
      "index": 0.8,
      "middle": 0.9157894736842105,
      "ring": 0.7684210526315789,
      "pinky": 0.8736842105263158
    }
  },
  "mag_w10_synth100": {
    "train_acc": 0.6956772334293948,
    "test_acc": 0.7221052631578947,
    "gap": -0.02642802972849989,
    "per_finger": {
      "thumb": 0.5684210526315789,
      "index": 0.6526315789473685,
      "middle": 0.8105263157894737,
      "ring": 0.7684210526315789,
      "pinky": 0.8105263157894737
    }
  },
  "mag_w10_synth50_augFalse": {
    "train_acc": 0.9395939086294416,
    "test_acc": 0.9094736842105263,
    "gap": 0.030120224418915265,
    "per_finger": {
      "thumb": 0.8526315789473684,
      "index": 0.9789473684210527,
      "middle": 0.9263157894736842,
      "ring": 0.8842105263157894,
      "pinky": 0.9052631578947369
    }
  },
  "mag_w10_synth50_augTrue": {
    "train_acc": 0.7269035532994924,
    "test_acc": 0.751578947368421,
    "gap": -0.024675394068928602,
    "per_finger": {
      "thumb": 0.5684210526315789,
      "index": 0.8,
      "middle": 0.7263157894736842,
      "ring": 0.7684210526315789,
      "pinky": 0.8947368421052632
    }
  }
}