{
  "STRICT": {
    "strategy": "STRICT",
    "n_train": 148,
    "n_test": 126,
    "models": {
      "v4_style": {
        "train_acc": 0.28243243243243243,
        "test_acc": 0.4380952380952381,
        "train_test_gap": -0.15566280566280566,
        "per_finger": {
          "thumb": 0.6984126984126984,
          "index": 0.36507936507936506,
          "middle": 0.626984126984127,
          "ring": 0.4603174603174603,
          "pinky": 0.03968253968253968
        }
      },
      "v6_physics": {
        "train_acc": 0.8635135135135135,
        "test_acc": 0.7587301587301587,
        "train_test_gap": 0.10478335478335477,
        "per_finger": {
          "thumb": 0.5079365079365079,
          "index": 0.6190476190476191,
          "middle": 0.6746031746031746,
          "ring": 1.0,
          "pinky": 0.9920634920634921
        }
      },
      "v6_no_physics": {
        "train_acc": 0.9202702702702703,
        "test_acc": 0.6476190476190476,
        "train_test_gap": 0.27265122265122266,
        "per_finger": {
          "thumb": 0.5079365079365079,
          "index": 0.6190476190476191,
          "middle": 0.6746031746031746,
          "ring": 1.0,
          "pinky": 0.4365079365079365
        }
      }
    }
  },
  "MODERATE": {
    "strategy": "MODERATE",
    "n_train": 230,
    "n_test": 190,
    "models": {
      "v4_style": {
        "train_acc": 1.0,
        "test_acc": 0.46421052631578946,
        "train_test_gap": 0.5357894736842106,
        "per_finger": {
          "thumb": 0.5842105263157895,
          "index": 0.5736842105263158,
          "middle": 0.531578947368421,
          "ring": 0.47368421052631576,
          "pinky": 0.15789473684210525
        }
      },
      "v6_physics": {
        "train_acc": 1.0,
        "test_acc": 0.4926315789473684,
        "train_test_gap": 0.5073684210526316,
        "per_finger": {
          "thumb": 0.5842105263157895,
          "index": 0.5736842105263158,
          "middle": 0.6368421052631579,
          "ring": 0.4052631578947368,
          "pinky": 0.2631578947368421
        }
      },
      "v6_no_physics": {
        "train_acc": 1.0,
        "test_acc": 0.5515789473684211,
        "train_test_gap": 0.44842105263157894,
        "per_finger": {
          "thumb": 0.5842105263157895,
          "index": 0.5736842105263158,
          "middle": 0.6421052631578947,
          "ring": 0.6842105263157895,
          "pinky": 0.2736842105263158
        }
      }
    }
  },
  "MEDIAN": {
    "strategy": "MEDIAN",
    "n_train": 270,
    "n_test": 240,
    "models": {
      "v4_style": {
        "train_acc": 0.9962962962962963,
        "test_acc": 0.5058333333333334,
        "train_test_gap": 0.490462962962963,
        "per_finger": {
          "thumb": 0.6208333333333333,
          "index": 0.7208333333333333,
          "middle": 0.7125,
          "ring": 0.3458333333333333,
          "pinky": 0.12916666666666668
        }
      },
      "v6_physics": {
        "train_acc": 0.6948148148148148,
        "test_acc": 0.4825,
        "train_test_gap": 0.2123148148148148,
        "per_finger": {
          "thumb": 0.3333333333333333,
          "index": 0.5458333333333333,
          "middle": 0.7583333333333333,
          "ring": 0.5833333333333334,
          "pinky": 0.19166666666666668
        }
      },
      "v6_no_physics": {
        "train_acc": 0.7962962962962963,
        "test_acc": 0.5033333333333333,
        "train_test_gap": 0.292962962962963,
        "per_finger": {
          "thumb": 0.5541666666666667,
          "index": 0.5458333333333333,
          "middle": 0.6375,
          "ring": 0.7083333333333334,
          "pinky": 0.07083333333333333
        }
      }
    }
  }
}