{
  "finger_effects": {
    "thumb": [
      341.2670743053163,
      -66.66208750886642,
      -389.42062034320935
    ],
    "index": [
      583.8118134985452,
      -158.64299655047247,
      1030.0874840194547
    ],
    "middle": [
      657.1919940998802,
      -562.9813176817246,
      746.4106304655375
    ],
    "ring": [
      -663.4132016130742,
      416.5241576211643,
      247.91594437319503
    ],
    "pinky": [
      543.7603966249792,
      -872.6316911049967,
      2719.9726316154206
    ]
  },
  "interaction_model": {
    "fitted_effects": [
      [
        249.08525817475694,
        -78.72018640516714,
        -314.8031257419453
      ],
      [
        398.22889490051097,
        -168.60576401347993,
        1046.166543681221
      ],
      [
        423.13636105480464,
        -332.18452427585083,
        602.0899007368723
      ],
      [
        -612.9463873153385,
        526.68252785844,
        10.509215518520733
      ],
      [
        698.6573028837026,
        -460.49046380666505,
        1456.1790679813678
      ]
    ],
    "interaction_strength": -0.7017877575003981
  },
  "predictions": {
    "eeeee": [
      0.0,
      0.0,
      0.0
    ],
    "eeeef": [
      698.6573028837026,
      -460.49046380666505,
      1456.1790679813678
    ],
    "eeefe": [
      -612.9463873153385,
      526.68252785844,
      10.509215518520733
    ],
    "eeeff": [
      70.67319776085711,
      54.57886900297052,
      1209.362313142515
    ],
    "eefee": [
      423.13636105480464,
      -332.18452427585083,
      602.0899007368723
    ],
    "eefef": [
      924.9783989901173,
      -653.6025875042451,
      1697.1519777458825
    ],
    "eeffe": [
      -156.50843809041592,
      160.3739241394568,
      505.12047624449355
    ],
    "eefff": [
      330.2958820373896,
      -172.65733413774183,
      1342.8565828961298
    ],
    "efeee": [
      398.22889490051097,
      -168.60576401347993,
      1046.166543681221
    ],
    "efeef": [
      904.4408715401834,
      -518.7232200766803,
      2063.316732837676
    ],
    "efefe": [
      -177.0459655403499,
      295.25329156702156,
      871.2852313362873
    ],
    "efeff": [
      314.12829329181534,
      -66.47735954498317,
      1631.109450135369
    ],
    "effee": [
      677.2592356889103,
      -412.92816494019394,
      1359.074895939655
    ],
    "effef": [
      986.6559473801925,
      -623.9732204251233,
      2015.1080941237524
    ],
    "efffe": [
      135.28596341816737,
      16.80681119717514,
      1076.7149435838219
    ],
    "effff": [
      429.64495730194244,
      -205.85143933655866,
      1475.4221714105454
    ],
    "feeee": [
      249.08525817475694,
      -78.72018640516714,
      -314.8031257419453
    ],
    "feeef": [
      781.4640294052346,
      -444.6077919537089,
      941.1250264971455
    ],
    "feefe": [
      -300.0228076752987,
      369.3687196899929,
      -250.9064750042434
    ],
    "feeff": [
      217.3182457476718,
      -8.132080907353325,
      747.6957068774736
    ],
    "fefee": [
      554.2823935539615,
      -338.8127368172226,
      236.88318959912422
    ],
    "fefef": [
      889.8458998360489,
      -565.6279417874935,
      1131.6943508658574
    ],
    "feffe": [
      38.47591587402379,
      75.15208983480503,
      193.30120032592663
    ],
    "fefff": [
      359.0017043486041,
      -163.27631018427024,
      830.7863912352858
    ],
    "ffeee": [
      533.7448661040276,
      -203.93336938965783,
      603.047944690918
    ],
    "ffeef": [
      873.6783110904747,
      -459.44796719473476,
      1419.947218105096
    ],
    "ffefe": [
      22.308327128449488,
      181.3320644275637,
      481.5540675651655
    ],
    "ffeff": [
      347.2040543073895,
      -85.79572842631774,
      1041.12737062197
    ],
    "fffee": [
      694.8359812168266,
      -376.1637964525765,
      865.5527115535492
    ],
    "fffef": [
      837.9541612548835,
      -492.6059936793825,
      1321.3349939953694
    ],
    "ffffe": [
      216.70103041136647,
      -25.022442078487398,
      636.5801944168971
    ],
    "fffff": [
      344.7814926419166,
      -153.07783435409792,
      835.0365065013439
    ]
  }
}