{
  "fitted_parameters": {
    "sensor_offset": [
      -14.726793525823343,
      -10.12235599544792,
      9.689071173510298
    ],
    "magnet_strength": 3.0,
    "extended_height": 50.0,
    "flexed_height": 5.0
  },
  "mean_error_uT": 901.0986986392263,
  "predictions": {
    "eeeee": [
      0.0,
      0.0,
      0.0
    ],
    "eeeef": [
      50.81694385656425,
      52.362893882463254,
      123.57138223150336
    ],
    "eeefe": [
      73.54755935990275,
      43.60191905969377,
      122.83027912426367
    ],
    "eeeff": [
      124.36450321646703,
      95.96481294215702,
      246.40166135576698
    ],
    "eefee": [
      99.30492873878862,
      18.657407356010797,
      132.41297703486583
    ],
    "eefef": [
      150.1218725953529,
      71.02030123847405,
      255.98435926636915
    ],
    "eeffe": [
      172.85248809869137,
      62.259326415704564,
      255.24325615912954
    ],
    "eefff": [
      223.66943195525562,
      114.62222029816782,
      378.81463839063287
    ],
    "efeee": [
      121.93086886508115,
      -21.880913840832662,
      155.184322048252
    ],
    "efeef": [
      172.7478127216454,
      30.48198004163059,
      278.7557042797554
    ],
    "efefe": [
      195.47842822498393,
      21.72100521886111,
      278.0146011725157
    ],
    "efeff": [
      246.29537208154818,
      74.08389910132436,
      401.58598340401903
    ],
    "effee": [
      221.2357976038698,
      -3.223506484821865,
      287.59729908311783
    ],
    "effef": [
      272.05274146043405,
      49.139387397641386,
      411.1686813146212
    ],
    "efffe": [
      294.7833569637726,
      40.37841257487191,
      410.4275782073815
    ],
    "effff": [
      345.6003008203368,
      92.74130645733516,
      533.9989604388849
    ],
    "feeee": [
      199.02662181115227,
      -352.4260233283673,
      355.3333096501176
    ],
    "feeef": [
      249.84356566771652,
      -300.0631294459041,
      478.9046918816209
    ],
    "feefe": [
      272.574181171055,
      -308.8241042686736,
      478.1635887743812
    ],
    "feeff": [
      323.3911250276193,
      -256.4612103862104,
      601.7349710058845
    ],
    "fefee": [
      298.3315505499409,
      -333.76861597235654,
      487.7462866849834
    ],
    "fefef": [
      349.14849440650516,
      -281.4057220898933,
      611.3176689164867
    ],
    "feffe": [
      371.87910990984363,
      -290.1666969126628,
      610.5765658092471
    ],
    "fefff": [
      422.6960537664079,
      -237.80380303019956,
      734.1479480407504
    ],
    "ffeee": [
      320.9574906762334,
      -374.30693716919995,
      510.5176316983694
    ],
    "ffeef": [
      371.7744345327977,
      -321.9440432867367,
      634.0890139298727
    ],
    "ffefe": [
      394.5050500361362,
      -330.7050181095062,
      633.3479108226331
    ],
    "ffeff": [
      445.32199389270045,
      -278.342124227043,
      756.9192930541365
    ],
    "fffee": [
      420.2624194150221,
      -355.6495298131892,
      642.9306087332353
    ],
    "fffef": [
      471.0793632715863,
      -303.28663593072594,
      766.5019909647386
    ],
    "ffffe": [
      493.80997877492484,
      -312.0476107534954,
      765.760887857499
    ],
    "fffff": [
      544.6269226314892,
      -259.6847168710322,
      889.3322700890023
    ]
  },
  "observed": {
    "eeeee": {
      "mean": [
        -3.581954120601328e-15,
        -2.3099949022653464e-15,
        -4.71429022933836e-14
      ],
      "std": [
        11.896941013247694,
        9.12970397352535,
        21.4734489284647
      ]
    },
    "fffff": {
      "mean": [
        589.3625233306198,
        -244.51117458604395,
        599.0199878698166
      ],
      "std": [
        23.763706287841874,
        33.968170266170546,
        247.64373132218165
      ]
    },
    "feeee": {
      "mean": [
        341.2670743053163,
        -66.66208750886642,
        -389.42062034320935
      ],
      "std": [
        22.19549340676071,
        51.014199956260235,
        870.438123923517
      ]
    },
    "efeee": {
      "mean": [
        583.8118134985452,
        -158.64299655047247,
        1030.0874840194547
      ],
      "std": [
        86.37713382022913,
        36.21331397543805,
        217.81507961340972
      ]
    },
    "eefee": {
      "mean": [
        657.1919940998802,
        -562.9813176817246,
        746.4106304655375
      ],
      "std": [
        85.26382268479094,
        128.36614888886822,
        342.45624324548197
      ]
    },
    "eeefe": {
      "mean": [
        -663.4132016130742,
        416.5241576211643,
        247.91594437319503
      ],
      "std": [
        173.07126813879137,
        65.00792574598633,
        194.7460853633718
      ]
    },
    "eeeef": {
      "mean": [
        543.7603966249792,
        -872.6316911049967,
        2719.9726316154206
      ],
      "std": [
        527.8501445011289,
        359.3658394693533,
        1191.8581711379961
      ]
    },
    "ffeee": {
      "mean": [
        351.99537102206284,
        -185.28072343176484,
        635.5267974137347
      ],
      "std": [
        16.13444344065425,
        22.713464568569066,
        32.744145309684285
      ]
    },
    "eeeff": {
      "mean": [
        365.2973014925737,
        27.076069396219186,
        613.4274354785582
      ],
      "std": [
        76.15356811953897,
        23.45252750558178,
        625.9140679950332
      ]
    },
    "eefff": {
      "mean": [
        -1055.5190186212365,
        222.02553968504566,
        1310.495747822132
      ],
      "std": [
        287.0983006161958,
        106.99727892616124,
        220.33917981935787
      ]
    }
  },
  "anatomical_model": {
    "meta_lengths": {
      "thumb": 40,
      "index": 70,
      "middle": 75,
      "ring": 70,
      "pinky": 60
    },
    "prox_lengths": {
      "thumb": 25,
      "index": 35,
      "middle": 40,
      "ring": 35,
      "pinky": 28
    },
    "lateral_pos": {
      "thumb": -25,
      "index": -12,
      "middle": 0,
      "ring": 12,
      "pinky": 22
    }
  }
}