{
  "baseline": [
    45.952088155864196,
    -45.77968267746913,
    31.34002057613169
  ],
  "single_effects": {
    "thumb": [
      341.2670743053163,
      -66.66208750886642,
      -389.42062034320935
    ],
    "index": [
      583.8118134985452,
      -158.64299655047247,
      1030.0874840194547
    ],
    "middle": [
      657.1919940998802,
      -562.9813176817246,
      746.4106304655375
    ],
    "ring": [
      -663.4132016130742,
      416.5241576211643,
      247.91594437319503
    ],
    "pinky": [
      543.7603966249792,
      -872.6316911049967,
      2719.9726316154206
    ]
  },
  "multi_scaling": [
    1.0,
    1.0,
    0.19120825504100386,
    0.8854585898145504,
    0.35,
    0.39226355835924254
  ],
  "pairwise_interaction": [
    [
      1.0,
      2.0,
      2.0,
      2.0,
      2.0
    ],
    [
      2.0,
      1.0,
      1.999986781071513,
      0.1,
      0.1
    ],
    [
      2.0,
      1.999986781071513,
      1.0,
      2.0,
      0.1
    ],
    [
      2.0,
      0.1,
      2.0,
      1.0,
      1.2691021936078175
    ],
    [
      2.0,
      0.1,
      0.1,
      1.2691021936078175,
      1.0
    ]
  ],
  "predictions": {
    "eeeee": [
      0.0,
      0.0,
      0.0
    ],
    "eeeef": [
      543.7603966249792,
      -872.6316911049967,
      2719.9726316154206
    ],
    "eeefe": [
      -663.4132016130742,
      416.5241576211643,
      247.91594437319503
    ],
    "eeeff": [
      -29.035286589757074,
      -110.68033843224944,
      720.1961991519499
    ],
    "eefee": [
      657.1919940998802,
      -562.9813176817246,
      746.4106304655375
    ],
    "eefef": [
      22.963201101782225,
      -27.450105832427436,
      66.28010948458429
    ],
    "eeffe": [
      -2.3790924656916275,
      -56.00763602688147,
      380.2468986316244
    ],
    "eefff": [
      -504.1057140859339,
      89.38913057190899,
      1503.2907515528395
    ],
    "efeee": [
      583.8118134985452,
      -158.64299655047247,
      1030.0874840194547
    ],
    "efeef": [
      21.560111473044728,
      -19.718823349455857,
      71.70424510094097
    ],
    "efefe": [
      -1.522044252022078,
      4.930900681627505,
      24.436480547937908
    ],
    "efeff": [
      13.950856067630623,
      -157.92167076347158,
      1027.4002980213386
    ],
    "effee": [
      474.57720837845164,
      -275.9592278842942,
      679.3577188883883
    ],
    "effef": [
      539.5701125844787,
      -363.0223552040349,
      944.3139126324035
    ],
    "efffe": [
      1132.3066989055244,
      -894.8716509467505,
      1827.9011447065411
    ],
    "effff": [
      122.31997329379006,
      -139.1922537809474,
      567.3446817002821
    ],
    "feeee": [
      341.2670743053163,
      -66.66208750886642,
      -389.42062034320935
    ],
    "feeef": [
      338.4491167598691,
      -359.2014487592555,
      891.2415667153228
    ],
    "feefe": [
      -123.19399774146693,
      133.79303186241165,
      -54.113724344738216
    ],
    "feeff": [
      435.5627237026594,
      -761.479317356847,
      3497.1387103652505
    ],
    "fefee": [
      381.82723239924786,
      -240.78603360913732,
      136.51887380512133
    ],
    "fefef": [
      1079.9198046344593,
      -686.540167459969,
      683.0183895399288
    ],
    "feffe": [
      593.3384814658926,
      -377.41653683032524,
      1071.238346876061
    ],
    "fefff": [
      129.80483450885453,
      -134.67506078669803,
      671.7750470208581
    ],
    "ffeee": [
      353.7654398244979,
      -86.16038394970577,
      245.00158613225517
    ],
    "ffeef": [
      1050.8620515207792,
      -526.4265916476725,
      795.3513370345466
    ],
    "ffefe": [
      572.8344411292593,
      -15.934902061122859,
      -183.55621419053065
    ],
    "ffeff": [
      267.8362712829635,
      -162.81037218402858,
      482.9635712098735
    ],
    "fffee": [
      2802.0634247189914,
      -1395.9857080651705,
      2456.388967045585
    ],
    "fffef": [
      610.5787931223487,
      -315.661159758108,
      443.9417641819115
    ],
    "ffffe": [
      678.3922211779978,
      -374.24646284278407,
      579.4656127022012
    ],
    "fffff": [
      479.42995418534963,
      -287.6972688109476,
      660.0489329395767
    ]
  },
  "validation_errors": [
    [
      "eeeee",
      4.733518467708875e-14,
      4.7335182436469145e-06
    ],
    [
      "eeeef",
      0.0,
      0.0
    ],
    [
      "eeefe",
      0.0,
      0.0
    ],
    [
      "eeeff",
      431.1317511131105,
      60.34281338355668
    ],
    [
      "eefee",
      0.0,
      0.0
    ],
    [
      "eefff",
      599.0149938895464,
      35.29230468972656
    ],
    [
      "efeee",
      0.0,
      0.0
    ],
    [
      "feeee",
      0.0,
      0.0
    ],
    [
      "ffeee",
      402.9117961651758,
      53.73953679930052
    ],
    [
      "fffff",
      132.9463825367567,
      15.190560776067077
    ]
  ],
  "observed_combos": [
    "efeee",
    "eeeee",
    "feeee",
    "eefff",
    "eefee",
    "ffeee",
    "eeeff",
    "eeefe",
    "fffff",
    "eeeef"
  ]
}