{
  "polarity": [
    1,
    1,
    1,
    -1,
    1
  ],
  "adjacent_coupling": [
    0.6,
    0.7,
    0.1,
    0.3896508499888721
  ],
  "global_attenuation": [
    1.0,
    1.0,
    0.5439066441251176,
    0.7576452794045547,
    0.5,
    0.3870271836854734
  ],
  "single_effects": {
    "thumb": [
      341.2670743053163,
      -66.66208750886642,
      -389.42062034320935
    ],
    "index": [
      583.8118134985452,
      -158.64299655047247,
      1030.0874840194547
    ],
    "middle": [
      657.1919940998802,
      -562.9813176817246,
      746.4106304655375
    ],
    "ring": [
      -663.4132016130742,
      416.5241576211643,
      247.91594437319503
    ],
    "pinky": [
      543.7603966249792,
      -872.6316911049967,
      2719.9726316154206
    ]
  },
  "predictions": {
    "eeeee": [
      0.0,
      0.0,
      0.0
    ],
    "eeeef": [
      543.7603966249792,
      -872.6316911049967,
      2719.9726316154206
    ],
    "eeefe": [
      -663.4132016130742,
      416.5241576211643,
      247.91594437319503
    ],
    "eeeff": [
      -25.35846002505107,
      -96.66455087388213,
      628.9955661340431
    ],
    "eefee": [
      657.1919940998802,
      -562.9813176817246,
      746.4106304655375
    ],
    "eefef": [
      653.2059845931952,
      -780.8394538715486,
      1885.3888873299318
    ],
    "eeffe": [
      -0.3383756100907318,
      -7.965902243663454,
      54.08208304849576
    ],
    "eefff": [
      190.73412938035833,
      -287.9733281281605,
      866.8528584766651
    ],
    "efeee": [
      583.8118134985452,
      -158.64299655047247,
      1030.0874840194547
    ],
    "efeef": [
      613.2940168170281,
      -560.917154533865,
      2039.6826127624154
    ],
    "efefe": [
      -43.295723877074465,
      140.26327690104893,
      695.1145559174412
    ],
    "efeff": [
      406.9987072185417,
      -254.84587313540243,
      1656.612458627125
    ],
    "effee": [
      674.9902163373525,
      -392.49625907312367,
      966.249127744131
    ],
    "effef": [
      1352.2181741800891,
      -1207.8805366060874,
      3406.729834763654
    ],
    "efffe": [
      441.8509177073284,
      -131.2913750425466,
      855.7756032023609
    ],
    "effff": [
      417.77888092675266,
      -269.36645463956756,
      1087.1141303832537
    ],
    "feeee": [
      341.2670743053163,
      -66.66208750886642,
      -389.42062034320935
    ],
    "feeef": [
      481.3723216722371,
      -510.8881269734674,
      1267.6027234101116
    ],
    "feefe": [
      -175.21741902186548,
      190.29230446144655,
      -76.96533343486266
    ],
    "feeff": [
      223.23583052438295,
      -185.1569716046899,
      581.1288442802446
    ],
    "fefee": [
      543.0685211925617,
      -342.467231512726,
      194.16923839182724
    ],
    "fefef": [
      1168.4552974859305,
      -1138.191635075375,
      2331.246220416773
    ],
    "feffe": [
      258.08804101316963,
      -61.60247351183405,
      -219.70801114451933
    ],
    "fefff": [
      296.5065113301382,
      -223.37600011876458,
      377.3600782019217
    ],
    "ffeee": [
      503.1565534163945,
      -122.54493217504255,
      348.4629638243108
    ],
    "ffeef": [
      1112.8591500514754,
      -831.8466147879188,
      2546.172649388236
    ],
    "ffefe": [
      198.24977192460364,
      144.8762284162293,
      673.2305698787021
    ],
    "ffeff": [
      439.2280353183488,
      -201.51388608382103,
      898.5535849912364
    ],
    "fffee": [
      1198.8000644136516,
      -597.2414710979191,
      1050.9127156048207
    ],
    "fffef": [
      1063.0156392643603,
      -830.45904642303,
      2053.5250628786016
    ],
    "ffffe": [
      462.2283835262711,
      -119.97540003269745,
      370.04976058005934
    ],
    "fffff": [
      455.4632020296674,
      -234.3043206241365,
      690.7690744933441
    ]
  },
  "validation_errors": [
    [
      "eeeee",
      4.733518467708875e-14,
      4.7335182436469145e-06
    ],
    [
      "eeeef",
      0.0,
      0.0
    ],
    [
      "eeefe",
      0.0,
      0.0
    ],
    [
      "eeeff",
      410.0805186836494,
      57.39640410911756
    ],
    [
      "eefee",
      0.0,
      0.0
    ],
    [
      "eefff",
      1417.7675293719458,
      83.53093684833848
    ],
    [
      "efeee",
      0.0,
      0.0
    ],
    [
      "feeee",
      0.0,
      0.0
    ],
    [
      "ffeee",
      330.44080729007413,
      44.0735071357296
    ],
    [
      "fffff",
      162.637950703109,
      18.583143275579715
    ]
  ],
  "mean_error": 20.358399610228357
}