{
  "baseline": [
    45.952088155864196,
    -45.77968267746913,
    31.34002057613169
  ],
  "finger_effects": {
    "thumb": {
      "mean": [
        341.2670743053163,
        -66.66208750886642,
        -389.42062034320935
      ],
      "std": [
        22.19549340676071,
        51.014199956260235,
        870.438123923517
      ]
    },
    "index": {
      "mean": [
        583.8118134985452,
        -158.64299655047247,
        1030.0874840194547
      ],
      "std": [
        86.37713382022913,
        36.21331397543805,
        217.81507961340972
      ]
    },
    "middle": {
      "mean": [
        657.1919940998802,
        -562.9813176817246,
        746.4106304655375
      ],
      "std": [
        85.26382268479094,
        128.36614888886822,
        342.45624324548197
      ]
    },
    "ring": {
      "mean": [
        -663.4132016130742,
        416.5241576211643,
        247.91594437319503
      ],
      "std": [
        173.07126813879137,
        65.00792574598633,
        194.7460853633718
      ]
    },
    "pinky": {
      "mean": [
        543.7603966249792,
        -872.6316911049967,
        2719.9726316154206
      ],
      "std": [
        527.8501445011289,
        359.3658394693533,
        1191.8581711379961
      ]
    }
  },
  "results": {
    "additive": {
      "overall": 0.8116666666666666,
      "real_acc": 0,
      "synth_acc": 0.8116666666666666,
      "per_finger": {
        "thumb": 0.7091666666666666,
        "index": 0.7845833333333333,
        "middle": 0.8108333333333333,
        "ring": 0.8154166666666667,
        "pinky": 0.9383333333333334
      }
    },
    "mixture": {
      "overall": 0.8424166666666667,
      "real_acc": 0.9801498127340824,
      "synth_acc": 0.8030010718113612,
      "per_finger": {
        "thumb": 0.7220833333333333,
        "index": 0.82625,
        "middle": 0.8441666666666666,
        "ring": 0.87,
        "pinky": 0.9495833333333333
      }
    }
  }
}