{
  "v2_baseline": {
    "train_acc": 0.8896551724137931,
    "test_acc": 0.42,
    "gap": 0.4696551724137931,
    "per_finger": {
      "thumb": 0.5,
      "index": 0.6,
      "middle": 0.8,
      "ring": 0.2,
      "pinky": 0.0
    },
    "n_train": 58,
    "n_val": 10,
    "n_test": 10,
    "n_features": 9,
    "window_size": 50,
    "mean": [
      -0.03255496433494811,
      0.07384316473652534,
      -0.889006197722978,
      0.3660977749227422,
      0.1627592491676363,
      -3.4888207219163907,
      128.3796218055996,
      -176.22737980375982,
      783.3061744754441
    ],
    "std": [
      0.1961686746806863,
      0.2054283208149784,
      0.3667938181804182,
      37.34204943348624,
      40.40001243031838,
      35.496781273973,
      606.7863905733626,
      403.14255511903065,
      1035.3143688329935
    ],
    "q1_pitch": -26.22956511815738,
    "q3_pitch": 26.882007562123082,
    "dollar_norm": "none"
  },
  "v3_optimal": {
    "train_acc": 0.9988059701492538,
    "test_acc": 0.9726315789473684,
    "gap": 0.02617439120188536,
    "per_finger": {
      "thumb": 0.9578947368421052,
      "index": 0.9263157894736842,
      "middle": 0.9894736842105263,
      "ring": 1.0,
      "pinky": 0.9894736842105263
    },
    "n_train": 335,
    "n_val": 59,
    "n_test": 95,
    "n_features": 3,
    "window_size": 10,
    "mean": [
      143.96166233320898,
      -178.30551594720367,
      795.0532208922735
    ],
    "std": [
      609.0924337025846,
      398.3488807407311,
      1027.9662980511189
    ],
    "q1_pitch": -26.22956511815738,
    "q3_pitch": 26.882007562123082,
    "dollar_norm": "none"
  },
  "v3_center": {
    "train_acc": 0.7080597014925373,
    "test_acc": 0.5326315789473685,
    "gap": 0.17542812254516882,
    "per_finger": {
      "thumb": 0.5684210526315789,
      "index": 0.47368421052631576,
      "middle": 0.7157894736842105,
      "ring": 0.24210526315789474,
      "pinky": 0.6631578947368421
    },
    "n_train": 335,
    "n_val": 59,
    "n_test": 95,
    "n_features": 3,
    "window_size": 10,
    "mean": [
      143.44725760024016,
      -177.70096365473267,
      815.3338870366806
    ],
    "std": [
      613.9172159514462,
      393.4027050140365,
      981.7458805256459
    ],
    "q1_pitch": -26.22956511815738,
    "q3_pitch": 26.882007562123082,
    "dollar_norm": "center"
  },
  "v3_scale": {
    "train_acc": 0.6865671641791045,
    "test_acc": 0.72,
    "gap": -0.03343283582089551,
    "per_finger": {
      "thumb": 0.5684210526315789,
      "index": 0.6526315789473685,
      "middle": 0.7263157894736842,
      "ring": 0.7684210526315789,
      "pinky": 0.8842105263157894
    },
    "n_train": 335,
    "n_val": 59,
    "n_test": 95,
    "n_features": 3,
    "window_size": 10,
    "mean": [
      131.2357403650845,
      -174.10405940778966,
      819.7256114572884
    ],
    "std": [
      605.035314935336,
      387.0933537350047,
      1049.076596413686
    ],
    "q1_pitch": -26.22956511815738,
    "q3_pitch": 26.882007562123082,
    "dollar_norm": "scale"
  },
  "v3_dollar_full": {
    "train_acc": 0.6973134328358209,
    "test_acc": 0.7115789473684211,
    "gap": -0.014265514532600165,
    "per_finger": {
      "thumb": 0.5684210526315789,
      "index": 0.6526315789473685,
      "middle": 0.7263157894736842,
      "ring": 0.7684210526315789,
      "pinky": 0.8421052631578947
    },
    "n_train": 335,
    "n_val": 59,
    "n_test": 95,
    "n_features": 3,
    "window_size": 10,
    "mean": [
      138.53847645961432,
      -179.14959293147686,
      818.2847911299712
    ],
    "std": [
      612.0549840961146,
      400.05603897122563,
      1039.924042982974
    ],
    "q1_pitch": -26.22956511815738,
    "q3_pitch": 26.882007562123082,
    "dollar_norm": "full"
  }
}