{
  "mean": [
    -89.93288008717673,
    -77.49918260426395,
    113.945093084631,
    -0.7811473982069489,
    -0.3425647090721442,
    0.28102005026686516,
    -0.36772675317534126,
    -0.20581511716915402,
    0.1885037533297132
  ],
  "std": [
    368.6888648641391,
    204.3812499260584,
    314.83563793507125,
    98.87296097378356,
    56.641982716637564,
    79.97955547294697,
    152.61811139483,
    86.20707939228127,
    123.66646483279858
  ],
  "window_size": 8,
  "n_features": 9,
  "use_derivatives": true,
  "version": "v6"
}