{
  "version": "2.1",
  "timestamp": "2025-12-14T10:23:51.048Z",
  "samples": [
    {
      "ax": -603,
      "ay": -1625,
      "az": 8264,
      "gx": 40,
      "gy": -332,
      "gz": 17,
      "mx": 293,
      "my": -142,
      "mz": 113,
      "l": 0.18903223673,
      "t": 26.69921875,
      "c": 3880,
      "s": 1,
      "b": 93,
      "n": 8,
      "dt": 1.08,
      "ax_g": -0.0736083984375,
      "ay_g": -0.1983642578125,
      "az_g": 1.0087890625,
      "gx_dps": 0.35001750087504374,
      "gy_dps": -2.905145257262863,
      "gz_dps": 0.1487574378718936,
      "mx_ut": 4.2823735749780765,
      "my_ut": -2.075416544869921,
      "mz_ut": 1.651563870213388,
      "isMoving": false,
      "accelStd": 10.035085375041236,
      "gyroStd": 10.819504882591438,
      "gyroBiasCalibrated": true,
      "orientation_w": 0.9440043888137322,
      "orientation_x": -0.09485534022133221,
      "orientation_y": -0.01362470882756027,
      "orientation_z": 0.31570959067040005,
      "euler_roll": -10.824439135602486,
      "euler_pitch": 1.9581728910695804,
      "euler_yaw": 36.798098402771735,
      "calibrated_mx": -562.1242832297535,
      "calibrated_my": 410.0074617201158,
      "calibrated_mz": 679.1649600858349,
      "fused_mx": -531.0076157387566,
      "fused_my": 1604.605670357602,
      "fused_mz": 897.3995765995854,
      "residual_magnitude": 1913.6495095490825,
      "filtered_mx": -880.2142474899575,
      "filtered_my": 1546.8698092199907,
      "filtered_mz": 851.1933308977597
    },
    {
      "ax": -601,
      "ay": -1625,
      "az": 8273,
      "gx": 10,
      "gy": -316,
      "gz": 15,
      "mx": 294,
      "my": -130,
      "mz": 119,
      "l": 0.18903223673,
      "t": -75,
      "c": 3880,
      "s": 1,
      "b": 93,
      "n": 8,
      "dt": 0.001000000000014552,
      "ax_g": -0.0733642578125,
      "ay_g": -0.1983642578125,
      "az_g": 1.0098876953125,
      "gx_dps": 0.08750437521876094,
      "gy_dps": -2.7651382569128455,
      "gz_dps": 0.1312565628281414,
      "mx_ut": 4.296989184448991,
      "my_ut": -1.9000292312189417,
      "mz_ut": 1.7392575270388775,
      "isMoving": false,
      "accelStd": 10.419475860135053,
      "gyroStd": 11.58727820752123,
      "gyroBiasCalibrated": true,
      "orientation_w": 0.9440010691800237,
      "orientation_x": -0.09487409486925544,
      "orientation_y": -0.013591200087202363,
      "orientation_z": 0.3157153255543686,
      "euler_roll": -10.825271885909599,
      "euler_pitch": 1.9625462740933004,
      "euler_yaw": 36.79841687475132,
      "calibrated_mx": -562.1039580671165,
      "calibrated_my": 410.1872708898015,
      "calibrated_mz": 679.2321324242872,
      "fused_mx": -530.9797820653655,
      "fused_my": 1604.7816500889749,
      "fused_mz": 897.4866393067202,
      "residual_magnitude": 1913.8301756317217,
      "filtered_mx": -879.7044235962559,
      "filtered_my": 1546.954350819192,
      "filtered_mz": 851.2609113833131
    },
    {
      "ax": -616,
      "ay": -1622,
      "az": 8247,
      "gx": 49,
      "gy": -344,
      "gz": 13,
      "mx": 294,
      "my": -130,
      "mz": 119,
      "l": 0.18903223673,
      "t": -75,
      "c": 3880,
      "s": 1,
      "b": 93,
      "n": 8,
      "dt": 0,
      "ax_g": -0.0751953125,
      "ay_g": -0.197998046875,
      "az_g": 1.0067138671875,
      "gx_dps": 0.42877143857192856,
      "gy_dps": -3.0101505075253763,
      "gz_dps": 0.11375568778438921,
      "mx_ut": 4.296989184448991,
      "my_ut": -1.9000292312189417,
      "mz_ut": 1.7392575270388775,
      "isMoving": false,
      "accelStd": 11.138248726874815,
      "gyroStd": 11.53945089939991,
      "gyroBiasCalibrated": true,
      "orientation_w": 0.9438841698394108,
      "orientation_x": -0.0954600432702786,
      "orientation_y": -0.012343434543919148,
      "orientation_z": 0.3159393829345473,
      "euler_roll": -10.843961798792046,
      "euler_pitch": 2.121438623194515,
      "euler_yaw": 36.81173945959145,
      "calibrated_mx": -562.1039580671165,
      "calibrated_my": 410.1872708898015,
      "calibrated_mz": 679.2321324242872,
      "fused_mx": -530.6700283220093,
      "fused_my": 1604.6851218135673,
      "fused_mz": 897.9700283632964,
      "residual_magnitude": 1913.8900676287249,
      "filtered_mx": -879.1956345184374,
      "filtered_my": 1547.0385052353004,
      "filtered_mz": 851.3289994825827
    },
    {
      "ax": -613,
      "ay": -1636,
      "az": 8254,
      "gx": 74,
      "gy": -380,
      "gz": 15,
      "mx": 282,
      "my": -127,
      "mz": 101,
      "l": 0.18903223673,
      "t": -75,
      "c": 3880,
      "s": 1,
      "b": 93,
      "n": 8,
      "dt": 0,
      "ax_g": -0.0748291015625,
      "ay_g": -0.19970703125,
      "az_g": 1.007568359375,
      "gx_dps": 0.6475323766188309,
      "gy_dps": -3.325166258312916,
      "gz_dps": 0.1312565628281414,
      "mx_ut": 4.121601870798012,
      "my_ut": -1.856182402806197,
      "mz_ut": 1.4761765565624088,
      "isMoving": false,
      "accelStd": 10.728669850029817,
      "gyroStd": 18.346091398054284,
      "gyroBiasCalibrated": true,
      "orientation_w": 0.9437632780930396,
      "orientation_x": -0.09601611100358372,
      "orientation_y": -0.011209909265001757,
      "orientation_z": 0.3161741913646619,
      "euler_roll": -10.863452379556085,
      "euler_pitch": 2.267019486021347,
      "euler_yaw": 36.82758107986385,
      "calibrated_mx": -562.3478600187597,
      "calibrated_my": 410.23222318222287,
      "calibrated_mz": 679.03061540893,
      "fused_mx": -530.5534087615068,
      "fused_my": 1604.629558282362,
      "fused_mz": 898.2647224622715,
      "residual_magnitude": 1913.9494378071026,
      "filtered_mx": -878.6881568605329,
      "filtered_my": 1547.1223337866272,
      "filtered_mz": 851.3973183177958
    },
    {
      "ax": -586,
      "ay": -1629,
      "az": 8262,
      "gx": 44,
      "gy": -329,
      "gz": -5,
      "mx": 282,
      "my": -127,
      "mz": 101,
      "l": 0.18903223673,
      "t": -75,
      "c": 3880,
      "s": 1,
      "b": 93,
      "n": 8,
      "dt": 0,
      "ax_g": -0.071533203125,
      "ay_g": -0.1988525390625,
      "az_g": 1.008544921875,
      "gx_dps": 0.38501925096254813,
      "gy_dps": -2.878893944697235,
      "gz_dps": -0.04375218760938047,
      "mx_ut": 4.121601870798012,
      "my_ut": -1.856182402806197,
      "mz_ut": 1.4761765565624088,
      "isMoving": false,
      "accelStd": 10.734793017898998,
      "gyroStd": 18.690270759069964,
      "gyroBiasCalibrated": true,
      "orientation_w": 0.9436538713898625,
      "orientation_x": -0.09668561800446586,
      "orientation_y": -0.009959367639127881,
      "orientation_z": 0.3163385421953004,
      "euler_roll": -10.891297294546124,
      "euler_pitch": 2.428600483853222,
      "euler_yaw": 36.8335591291893,
      "calibrated_mx": -562.3478600187597,
      "calibrated_my": 410.23222318222287,
      "calibrated_mz": 679.03061540893,
      "fused_mx": -530.3993101111206,
      "fused_my": 1604.5016874109317,
      "fused_mz": 898.9378956208677,
      "residual_magnitude": 1914.1155746856443,
      "filtered_mx": -878.1819304295952,
      "filtered_my": 1547.2057327977234,
      "filtered_mz": 851.4664169897673
    },
    {
      "ax": -609,
      "ay": -1632,
      "az": 8247,
      "gx": 50,
      "gy": -321,
      "gz": -2,
      "mx": 289,
      "my": -134,
      "mz": 103,
      "l": 0.18716828028,
      "t": -75,
      "c": 3880,
      "s": 1,
      "b": 93,
      "n": 8,
      "dt": 0,
      "ax_g": -0.0743408203125,
      "ay_g": -0.19921875,
      "az_g": 1.0067138671875,
      "gx_dps": 0.43752187609380466,
      "gy_dps": -2.808890444522226,
      "gz_dps": -0.01750087504375219,
      "mx_ut": 4.223911137094417,
      "my_ut": -1.9584916691026015,
      "mz_ut": 1.5054077755042385,
      "isMoving": false,
      "accelStd": 10.250555712231742,
      "gyroStd": 19.0045520944112,
      "gyroBiasCalibrated": true,