{
  "version": "2.1",
  "timestamp": "2025-12-14T10:24:05.888Z",
  "samples": [
    {
      "ax": -623,
      "ay": -1621,
      "az": 8264,
      "gx": 47,
      "gy": -339,
      "gz": 2,
      "mx": 262,
      "my": -120,
      "mz": 108,
      "l": 0.18905560175,
      "t": -75,
      "c": 3880,
      "s": 1,
      "b": 93,
      "n": 8,
      "dt": 1.057,
      "ax_g": -0.0760498046875,
      "ay_g": -0.1978759765625,
      "az_g": 1.0087890625,
      "gx_dps": 0.4112705635281764,
      "gy_dps": -2.966398319915996,
      "gz_dps": 0.01750087504375219,
      "mx_ut": 3.8292896813797137,
      "my_ut": -1.7538731365097924,
      "mz_ut": 1.5784858228588132,
      "isMoving": false,
      "accelStd": 13.1896332210309,
      "gyroStd": 10.448698116649595,
      "gyroBiasCalibrated": true,
      "orientation_w": 0.9335968956250542,
      "orientation_x": -0.04608438939032721,
      "orientation_y": -0.004569590458872246,
      "orientation_z": 0.355319833919837,
      "euler_roll": -5.124604266189415,
      "euler_pitch": 1.3876723787381662,
      "euler_yaw": 41.610781545473145,
      "calibrated_mx": -562.7543632714984,
      "calibrated_my": 410.3371118645395,
      "calibrated_mz": 679.1089831371245,
      "fused_mx": -429.99686748938404,
      "fused_my": 1613.6765468592023,
      "fused_mz": 779.1546048350671,
      "residual_magnitude": 1842.8052534572967,
      "filtered_mx": -812.4722682920566,
      "filtered_my": 1556.3817091953404,
      "filtered_mz": 858.6282291034707
    },
    {
      "ax": -623,
      "ay": -1610,
      "az": 8264,
      "gx": 43,
      "gy": -356,
      "gz": 7,
      "mx": 285,
      "my": -127,
      "mz": 96,
      "l": 0.18905560175,
      "t": -75,
      "c": 3880,
      "s": 1,
      "b": 93,
      "n": 8,
      "dt": 0,
      "ax_g": -0.0760498046875,
      "ay_g": -0.196533203125,
      "az_g": 1.0087890625,
      "gx_dps": 0.37626881344067203,
      "gy_dps": -3.1151557577878894,
      "gz_dps": 0.061253062653132656,
      "mx_ut": 4.165448699210757,
      "my_ut": -1.856182402806197,
      "mz_ut": 1.403098509207834,
      "isMoving": false,
      "accelStd": 13.217524462208198,
      "gyroStd": 10.90863783435621,
      "gyroBiasCalibrated": true,
      "orientation_w": 0.9335060903232114,
      "orientation_x": -0.047754811030839485,
      "orientation_y": -0.00484246199207655,
      "orientation_z": 0.35533422001650233,
      "euler_roll": -5.314864608040519,
      "euler_pitch": 1.4266347914681503,
      "euler_yaw": 41.611911981837395,
      "calibrated_mx": -562.286884530849,
      "calibrated_my": 410.23222318222287,
      "calibrated_mz": 678.9746384602196,
      "fused_mx": -429.50027307009526,
      "fused_my": 1613.2217846109183,
      "fused_mz": 783.1058337424486,
      "residual_magnitude": 1843.9657691378054,
      "filtered_mx": -812.0091880448746,
      "filtered_my": 1556.4504388061257,
      "filtered_mz": 858.5369092943257
    },
    {
      "ax": -619,
      "ay": -1609,
      "az": 8258,
      "gx": 49,
      "gy": -356,
      "gz": 7,
      "mx": 285,
      "my": -127,
      "mz": 96,
      "l": 0.18905560175,
      "t": -75,
      "c": 3880,
      "s": 1,
      "b": 93,
      "n": 8,
      "dt": 0,
      "ax_g": -0.0755615234375,
      "ay_g": -0.1964111328125,
      "az_g": 1.008056640625,
      "gx_dps": 0.42877143857192856,
      "gy_dps": -3.1151557577878894,
      "gz_dps": 0.061253062653132656,
      "mx_ut": 4.165448699210757,
      "my_ut": -1.856182402806197,
      "mz_ut": 1.403098509207834,
      "isMoving": false,
      "accelStd": 11.819348414047099,
      "gyroStd": 11.368975445456165,
      "gyroBiasCalibrated": true,
      "orientation_w": 0.9334128700438419,
      "orientation_x": -0.04940762699571913,
      "orientation_y": -0.005101072237232756,
      "orientation_z": 0.35534951736733833,
      "euler_roll": -5.502671388298258,
      "euler_pitch": 1.466424398407339,
      "euler_yaw": 41.61310118167242,
      "calibrated_mx": -562.286884530849,
      "calibrated_my": 410.23222318222287,
      "calibrated_mz": 678.9746384602196,
      "fused_mx": -429.4698711339005,
      "fused_my": 1612.8623533702703,
      "fused_mz": 787.1406490029727,
      "residual_magnitude": 1845.3616833682433,
      "filtered_mx": -811.5471896186345,
      "filtered_my": 1556.5185683149048,
      "filtered_mz": 858.4506829682048
    },
    {
      "ax": -638,
      "ay": -1613,
      "az": 8234,
      "gx": 81,
      "gy": -369,
      "gz": 13,
      "mx": 279,
      "my": -127,
      "mz": 96,
      "l": 0.18909200032,
      "t": -75,
      "c": 3880,
      "s": 1,
      "b": 93,
      "n": 8,
      "dt": 0.001,
      "ax_g": -0.077880859375,
      "ay_g": -0.1968994140625,
      "az_g": 1.005126953125,
      "gx_dps": 0.7087854392719636,
      "gy_dps": -3.2289114455722787,
      "gz_dps": 0.11375568778438921,
      "mx_ut": 4.0777550423852675,
      "my_ut": -1.856182402806197,
      "mz_ut": 1.403098509207834,
      "isMoving": false,
      "accelStd": 13.406272046528853,
      "gyroStd": 12.919148547350238,
      "gyroBiasCalibrated": true,
      "orientation_w": 0.9334103410704371,
      "orientation_x": -0.04944784796712415,
      "orientation_y": -0.005106658177408017,
      "orientation_z": 0.35535048551599,
      "euler_roll": -5.507212166089016,
      "euler_pitch": 1.4674720285997804,
      "euler_yaw": 41.61319958594789,
      "calibrated_mx": -562.4088355066705,
      "calibrated_my": 410.23222318222287,
      "calibrated_mz": 678.9746384602196,
      "fused_mx": -429.58960905176,
      "fused_my": 1612.853312459298,
      "fused_mz": 787.2384072403663,
      "residual_magnitude": 1845.4233523911316,
      "filtered_mx": -811.086450205881,
      "filtered_my": 1556.5865225544728,
      "filtered_mz": 858.3647825861493
    },
    {
      "ax": -608,
      "ay": -1599,
      "az": 8273,
      "gx": 48,
      "gy": -350,
      "gz": 12,
      "mx": 279,
      "my": -127,
      "mz": 96,
      "l": 0.18909200032,
      "t": -75,
      "c": 3880,
      "s": 1,
      "b": 93,
      "n": 8,
      "dt": 0,
      "ax_g": -0.07421875,
      "ay_g": -0.1951904296875,
      "az_g": 1.0098876953125,
      "gx_dps": 0.4200210010500525,
      "gy_dps": -3.062653132656633,
      "gz_dps": 0.10500525026251313,
      "mx_ut": 4.0777550423852675,
      "my_ut": -1.856182402806197,
      "mz_ut": 1.403098509207834,
      "isMoving": false,
      "accelStd": 13.566162522114254,
      "gyroStd": 12.023066569668801,
      "gyroBiasCalibrated": true,
      "orientation_w": 0.9333085912748064,
      "orientation_x": -0.051109213627866766,
      "orientation_y": -0.005344464477921154,
      "orientation_z": 0.35537917557789117,
      "euler_roll": -5.695086464940976,
      "euler_pitch": 1.5099318032557594,
      "euler_yaw": 41.615905920438244,
      "calibrated_mx": -562.4088355066705,
      "calibrated_my": 410.23222318222287,
      "calibrated_mz": 678.9746384602196,
      "fused_mx": -429.5269605786482,
      "fused_my": 1612.475698707115,
      "fused_mz": 791.2800603862395,
      "residual_magnitude": 1846.806817929201,
      "filtered_mx": -810.6267455160252,
      "filtered_my": 1556.6538581000116,
      "filtered_mz": 858.2839585934264
    },
    {
      "ax": -616,
      "ay": -1610,
      "az": 8237,
      "gx": 30,
      "gy": -367,
      "gz": 29,
      "mx": 291,
      "my": -125,
      "mz": 128,
      "l": 0.18909200032,
      "t": -75,
      "c": 3880,
      "s": 1,
      "b": 93,
      "n": 8,
      "dt": 0,
      "ax_g": -0.0751953125,
      "ay_g": -0.196533203125,
      "az_g": 1.0054931640625,
      "gx_dps": 0.2625131256562828,
      "gy_dps": -3.2114105705285265,
      "gz_dps": 0.2537626881344067,
      "mx_ut": 4.253142356036247,
      "my_ut": -1.826951183864367,
      "mz_ut": 1.870798012277112,
      "isMoving": false,
      "accelStd": 15.292848174929746,
      "gyroStd": 11.750400423859334,
      "gyroBiasCalibrated": true,
      "orientation_w": 0.9331828097727557,