{
  "version": "2.1",
  "timestamp": "2025-12-14T10:23:52.386Z",
  "samples": [
    {
      "ax": -609,
      "ay": -1617,
      "az": 8279,
      "gx": 53,
      "gy": -331,
      "gz": -7,
      "mx": 290,
      "my": -134,
      "mz": 111,
      "l": 0.18716828028,
      "t": -75,
      "c": 3880,
      "s": 1,
      "b": 93,
      "n": 8,
      "dt": 1.332,
      "ax_g": -0.0743408203125,
      "ay_g": -0.1973876953125,
      "az_g": 1.0106201171875,
      "gx_dps": 0.46377318865943296,
      "gy_dps": -2.896394819740987,
      "gz_dps": -0.061253062653132656,
      "mx_ut": 4.238526746565332,
      "my_ut": -1.9584916691026015,
      "mz_ut": 1.6223326512715581,
      "isMoving": false,
      "accelStd": 14.238309375123324,
      "gyroStd": 18.692761496579823,
      "gyroBiasCalibrated": true,
      "orientation_w": 0.9385338068628291,
      "orientation_x": -0.1162099875820007,
      "orientation_y": 0.040756718578099656,
      "orientation_z": 0.32247235858675166,
      "euler_roll": -11.191396353111665,
      "euler_pitch": 8.711089230277393,
      "euler_yaw": 37.06948315995314,
      "calibrated_mx": -562.1852587176642,
      "calibrated_my": 410.1273344999062,
      "calibrated_mz": 679.1425693063507,
      "fused_mx": -524.4242374573604,
      "fused_my": 1602.2543982778225,
      "fused_mz": 909.5045540220649,
      "residual_magnitude": 1915.5778426940096,
      "filtered_mx": -874.6642482400084,
      "filtered_my": 1547.7763422911635,
      "filtered_mz": 851.9707004647602
    },
    {
      "ax": -612,
      "ay": -1622,
      "az": 8266,
      "gx": 68,
      "gy": -316,
      "gz": -6,
      "mx": 290,
      "my": -134,
      "mz": 111,
      "l": 0.18716828028,
      "t": -75,
      "c": 3880,
      "s": 1,
      "b": 93,
      "n": 8,
      "dt": 0.001,
      "ax_g": -0.07470703125,
      "ay_g": -0.197998046875,
      "az_g": 1.009033203125,
      "gx_dps": 0.5950297514875744,
      "gy_dps": -2.7651382569128455,
      "gz_dps": -0.052502625131256565,
      "mx_ut": 4.238526746565332,
      "my_ut": -1.9584916691026015,
      "mz_ut": 1.6223326512715581,
      "isMoving": false,
      "accelStd": 13.591779892573104,
      "gyroStd": 19.94216545004499,
      "gyroBiasCalibrated": true,
      "orientation_w": 0.938540092649604,
      "orientation_x": -0.11618663625900279,
      "orientation_y": 0.04070072282391069,
      "orientation_z": 0.32246955081945705,
      "euler_roll": -11.190828828200166,
      "euler_pitch": 8.704115658937052,
      "euler_yaw": 37.06967145082859,
      "calibrated_mx": -562.1852587176642,
      "calibrated_my": 410.1273344999062,
      "calibrated_mz": 679.1425693063507,
      "fused_mx": -524.4209502018382,
      "fused_my": 1602.257337067501,
      "fused_mz": 909.4888063084952,
      "residual_magnitude": 1915.5719239949437,
      "filtered_mx": -874.1610323407567,
      "filtered_my": 1547.8546184578513,
      "filtered_mz": 852.0533402340792
    },
    {
      "ax": -632,
      "ay": -1612,
      "az": 8275,
      "gx": 40,
      "gy": -329,
      "gz": 21,
      "mx": 291,
      "my": -134,
      "mz": 105,
      "l": 0.18716828028,
      "t": 26.69921875,
      "c": 3880,
      "s": 1,
      "b": 93,
      "n": 8,
      "dt": 0,
      "ax_g": -0.0771484375,
      "ay_g": -0.19677734375,
      "az_g": 1.0101318359375,
      "gx_dps": 0.35001750087504374,
      "gy_dps": -2.878893944697235,
      "gz_dps": 0.18375918795939797,
      "mx_ut": 4.253142356036247,
      "my_ut": -1.9584916691026015,
      "mz_ut": 1.5346389944460683,
      "isMoving": false,
      "accelStd": 13.863793438761615,
      "gyroStd": 13.944272275963252,
      "gyroBiasCalibrated": true,
      "orientation_w": 0.9387477802476003,
      "orientation_x": -0.11531779278916983,
      "orientation_y": 0.03850606510831062,
      "orientation_z": 0.3224464214351143,
      "euler_roll": -11.17297826648321,
      "euler_pitch": 8.433567709117359,
      "euler_yaw": 37.087336561930876,
      "calibrated_mx": -562.1649335550273,
      "calibrated_my": 410.1273344999062,
      "calibrated_mz": 679.0753969678982,
      "fused_mx": -524.0562436289213,
      "fused_my": 1602.3418466233677,
      "fused_mz": 908.9270007362267,
      "residual_magnitude": 1915.2761243732434,
      "filtered_mx": -873.6587371244588,
      "filtered_my": 1547.9327912647916,
      "filtered_mz": 852.1349368546473
    },
    {
      "ax": -597,
      "ay": -1621,
      "az": 8270,
      "gx": 62,
      "gy": -311,
      "gz": -11,
      "mx": 291,
      "my": -134,
      "mz": 105,
      "l": 0.18716828028,
      "t": 26.69921875,
      "c": 3880,
      "s": 1,
      "b": 93,
      "n": 8,
      "dt": 0,
      "ax_g": -0.0728759765625,
      "ay_g": -0.1978759765625,
      "az_g": 1.009521484375,
      "gx_dps": 0.5425271263563178,
      "gy_dps": -2.721386069303465,
      "gz_dps": -0.09625481274063703,
      "mx_ut": 4.253142356036247,
      "my_ut": -1.9584916691026015,
      "mz_ut": 1.5346389944460683,
      "isMoving": false,
      "accelStd": 13.881787063483328,
      "gyroStd": 15.274180016703367,
      "gyroBiasCalibrated": true,
      "orientation_w": 0.9389837477453286,
      "orientation_x": -0.11444130175805993,
      "orientation_y": 0.03635700142840077,
      "orientation_z": 0.32232107962277795,
      "euler_roll": -11.153689539604407,
      "euler_pitch": 8.16654358808122,
      "euler_yaw": 37.092449981808265,
      "calibrated_mx": -562.1649335550273,
      "calibrated_my": 410.1273344999062,
      "calibrated_mz": 679.0753969678982,
      "fused_mx": -523.9751340167516,
      "fused_my": 1602.447291104024,
      "fused_mz": 908.3659009477216,
      "residual_magnitude": 1915.075944144008,
      "filtered_mx": -873.1577649276311,
      "filtered_my": 1548.0108911485172,
      "filtered_mz": 852.2154958209846
    },
    {
      "ax": -616,
      "ay": -1617,
      "az": 8309,
      "gx": 38,
      "gy": -314,
      "gz": -11,
      "mx": 291,
      "my": -133,
      "mz": 98,
      "l": 0.18651851018,
      "t": 26.69921875,
      "c": 3880,
      "s": 1,
      "b": 93,
      "n": 8,
      "dt": 0.003,
      "ax_g": -0.0751953125,
      "ay_g": -0.1973876953125,
      "az_g": 1.0142822265625,
      "gx_dps": 0.33251662583129155,
      "gy_dps": -2.7476373818690933,
      "gz_dps": -0.09625481274063703,
      "mx_ut": 4.253142356036247,
      "my_ut": -1.9438760596316866,
      "mz_ut": 1.4323297281496639,
      "isMoving": false,
      "accelStd": 17.665959203779114,
      "gyroStd": 16.13286283747355,
      "gyroBiasCalibrated": true,
      "orientation_w": 0.9390014786632823,
      "orientation_x": -0.11437561455598572,
      "orientation_y": 0.03618779567605114,
      "orientation_z": 0.3223117827619996,
      "euler_roll": -11.15253565101405,
      "euler_pitch": 8.14565129685729,
      "euler_yaw": 37.092903748677685,
      "calibrated_mx": -562.1649335550273,
      "calibrated_my": 410.14231859738004,
      "calibrated_mz": 678.9970292397037,
      "fused_mx": -523.9676905727389,
      "fused_my": 1602.4690350730616,
      "fused_mz": 908.251138750116,
      "residual_magnitude": 1915.0376706929294,
      "filtered_mx": -872.6582154585893,
      "filtered_my": 1548.0887986804903,
      "filtered_mz": 852.2956601146702
    },
    {
      "ax": -604,
      "ay": -1625,
      "az": 8255,
      "gx": 34,
      "gy": -338,
      "gz": 11,
      "mx": 291,
      "my": -133,
      "mz": 98,
      "l": 0.18651851018,
      "t": 26.69921875,
      "c": 3880,
      "s": 1,
      "b": 93,
      "n": 8,
      "dt": 0,
      "ax_g": -0.07373046875,
      "ay_g": -0.1983642578125,
      "az_g": 1.0076904296875,
      "gx_dps": 0.2975148757437872,
      "gy_dps": -2.9576478823941197,
      "gz_dps": 0.09625481274063703,
      "mx_ut": 4.253142356036247,
      "my_ut": -1.9438760596316866,
      "mz_ut": 1.4323297281496639,
      "isMoving": false,
      "accelStd": 17.871214537937096,
      "gyroStd": 13.271581337668435,