{
  "version": "2.1",
  "timestamp": "2025-12-14T10:24:03.044Z",
  "samples": [
    {
      "ax": -577,
      "ay": -1581,
      "az": 8315,
      "gx": 42,
      "gy": -323,
      "gz": -3,
      "mx": 278,
      "my": -140,
      "mz": 108,
      "l": 0.18855412801,
      "t": -75,
      "c": 3880,
      "s": 1,
      "b": 93,
      "n": 8,
      "dt": 1.0540000000000145,
      "ax_g": -0.0704345703125,
      "ay_g": -0.1929931640625,
      "az_g": 1.0150146484375,
      "gx_dps": 0.36751837591879594,
      "gy_dps": -2.826391319565978,
      "gz_dps": -0.026251312565628283,
      "mx_ut": 4.063139432914353,
      "my_ut": -2.046185325928091,
      "mz_ut": 1.5784858228588132,
      "isMoving": false,
      "accelStd": 15.232477132912162,
      "gyroStd": 15.42414652650253,
      "gyroBiasCalibrated": true,
      "orientation_w": 0.9362083442877963,
      "orientation_x": -0.05932487554272525,
      "orientation_y": -0.024824034669842614,
      "orientation_z": 0.3455115953632436,
      "euler_roll": -7.367715618304406,
      "euler_pitch": -0.3143303488295624,
      "euler_yaw": 40.53382320911675,
      "calibrated_mx": -562.4291606693074,
      "calibrated_my": 410.03742991506346,
      "calibrated_mz": 679.1089831371245,
      "fused_mx": -452.68088612735926,
      "fused_my": 1611.2870936350141,
      "fused_mz": 822.6848744570498,
      "residual_magnitude": 1864.933372922538,
      "filtered_mx": -824.8432612114337,
      "filtered_my": 1554.978496591036,
      "filtered_mz": 857.2761264799867
    },
    {
      "ax": -605,
      "ay": -1605,
      "az": 8269,
      "gx": 58,
      "gy": -320,
      "gz": -15,
      "mx": 278,
      "my": -140,
      "mz": 108,
      "l": 0.18855412801,
      "t": -75,
      "c": 3880,
      "s": 1,
      "b": 93,
      "n": 8,
      "dt": 0,
      "ax_g": -0.0738525390625,
      "ay_g": -0.1959228515625,
      "az_g": 1.0093994140625,
      "gx_dps": 0.5075253762688134,
      "gy_dps": -2.80014000700035,
      "gz_dps": -0.1312565628281414,
      "mx_ut": 4.063139432914353,
      "my_ut": -2.046185325928091,
      "mz_ut": 1.5784858228588132,
      "isMoving": false,
      "accelStd": 15.31766782894289,
      "gyroStd": 9.9088268721493,
      "gyroBiasCalibrated": true,
      "orientation_w": 0.9361196781926291,
      "orientation_x": -0.06073100006811155,
      "orientation_y": -0.02419847926302578,
      "orientation_z": 0.3455519169858741,
      "euler_roll": -7.494288223873675,
      "euler_pitch": -0.19101979899838167,
      "euler_yaw": 40.53396518869597,
      "calibrated_mx": -562.4291606693074,
      "calibrated_my": 410.03742991506346,
      "calibrated_mz": 679.1089831371245,
      "fused_mx": -452.6530612443729,
      "fused_my": 1610.935909396471,
      "fused_mz": 825.5723741084887,
      "residual_magnitude": 1865.8989905480048,
      "filtered_mx": -824.3780292768741,
      "filtered_my": 1555.048442482719,
      "filtered_mz": 857.2364972848873
    },
    {
      "ax": -654,
      "ay": -1625,
      "az": 8253,
      "gx": 36,
      "gy": -310,
      "gz": 8,
      "mx": 285,
      "my": -133,
      "mz": 107,
      "l": 0.18855412801,
      "t": -75,
      "c": 3880,
      "s": 1,
      "b": 93,
      "n": 8,
      "dt": 0,
      "ax_g": -0.079833984375,
      "ay_g": -0.1983642578125,
      "az_g": 1.0074462890625,
      "gx_dps": 0.31501575078753935,
      "gy_dps": -2.712635631781589,
      "gz_dps": 0.07000350017500875,
      "mx_ut": 4.165448699210757,
      "my_ut": -1.9438760596316866,
      "mz_ut": 1.5638702133878983,
      "isMoving": false,
      "accelStd": 15.702733667197775,
      "gyroStd": 9.640361102220941,
      "gyroBiasCalibrated": true,
      "orientation_w": 0.9360032335768523,
      "orientation_x": -0.06218998235283561,
      "orientation_y": -0.023531379672113432,
      "orientation_z": 0.3456539121713467,
      "euler_roll": -7.624923310339525,
      "euler_pitch": -0.0606460773767028,
      "euler_yaw": 40.54111597029558,
      "calibrated_mx": -562.286884530849,
      "calibrated_my": 410.14231859738004,
      "calibrated_mz": 679.0977877473824,
      "fused_mx": -452.33410817533644,
      "fused_my": 1610.6570184891634,
      "fused_mz": 828.54449141125,
      "residual_magnitude": 1866.898002268765,
      "filtered_mx": -823.9135607669909,
      "filtered_my": 1555.117865556097,
      "filtered_mz": 857.2006775000236
    },
    {
      "ax": -612,
      "ay": -1623,
      "az": 8244,
      "gx": 17,
      "gy": -304,
      "gz": -3,
      "mx": 285,
      "my": -133,
      "mz": 107,
      "l": 0.18855412801,
      "t": -75,
      "c": 3880,
      "s": 1,
      "b": 93,
      "n": 8,
      "dt": 0.000999999999985448,
      "ax_g": -0.07470703125,
      "ay_g": -0.1981201171875,
      "az_g": 1.00634765625,
      "gx_dps": 0.1487574378718936,
      "gy_dps": -2.6601330066503324,
      "gz_dps": -0.026251312565628283,
      "mx_ut": 4.165448699210757,
      "my_ut": -1.9438760596316866,
      "mz_ut": 1.5638702133878983,
      "isMoving": false,
      "accelStd": 16.22348832762313,
      "gyroStd": 9.10976574716721,
      "gyroBiasCalibrated": true,
      "orientation_w": 0.9360003316403949,
      "orientation_x": -0.06223009412189938,
      "orientation_y": -0.023515327167550087,
      "orientation_z": 0.3456556435860025,
      "euler_roll": -7.628605893314635,
      "euler_pitch": -0.057315360546888024,
      "euler_yaw": 40.54119785362171,
      "calibrated_mx": -562.286884530849,
      "calibrated_my": 410.14231859738004,
      "calibrated_mz": 679.0977877473824,
      "fused_mx": -452.3317302751139,
      "fused_my": 1610.6464065389086,
      "fused_mz": 828.6279646643357,
      "residual_magnitude": 1866.9253185208393,
      "filtered_mx": -823.4502475533254,
      "filtered_my": 1555.1871022750693,
      "filtered_mz": 857.1650511202582
    },
    {
      "ax": -637,
      "ay": -1599,
      "az": 8240,
      "gx": 51,
      "gy": -343,
      "gz": 22,
      "mx": 283,
      "my": -135,
      "mz": 107,
      "l": 0.18855412801,
      "t": -75,
      "c": 3880,
      "s": 1,
      "b": 93,
      "n": 8,
      "dt": 0,
      "ax_g": -0.0777587890625,
      "ay_g": -0.1951904296875,
      "az_g": 1.005859375,
      "gx_dps": 0.44627231361568076,
      "gy_dps": -3.0014000700035,
      "gz_dps": 0.19250962548127407,
      "mx_ut": 4.136217480268927,
      "my_ut": -1.9731072785735164,
      "mz_ut": 1.5638702133878983,
      "isMoving": false,
      "accelStd": 18.890413677611473,
      "gyroStd": 12.20332409820209,
      "gyroBiasCalibrated": true,
      "orientation_w": 0.9358685530766284,
      "orientation_x": -0.06360047849164725,
      "orientation_y": -0.022896887124843647,
      "orientation_z": 0.34580451567017373,
      "euler_roll": -7.7516321005035165,
      "euler_pitch": 0.06472774775455445,
      "euler_yaw": 40.554274399454776,
      "calibrated_mx": -562.3275348561227,
      "calibrated_my": 410.1123504024324,
      "calibrated_mz": 679.0977877473824,
      "fused_mx": -452.0727630958492,
      "fused_my": 1610.236063159332,
      "fused_mz": 831.434370035502,
      "residual_magnitude": 1867.7561601848117,
      "filtered_mx": -822.9877657854054,
      "filtered_my": 1555.2556555444983,
      "filtered_mz": 857.133008329901
    },
    {
      "ax": -636,
      "ay": -1613,
      "az": 8253,
      "gx": 78,
      "gy": -372,
      "gz": 13,
      "mx": 283,
      "my": -135,
      "mz": 107,
      "l": 0.18855412801,
      "t": -75,
      "c": 3880,
      "s": 1,
      "b": 93,
      "n": 8,
      "dt": 0,
      "ax_g": -0.07763671875,
      "ay_g": -0.1968994140625,
      "az_g": 1.0074462890625,
      "gx_dps": 0.6825341267063353,
      "gy_dps": -3.255162758137907,
      "gz_dps": 0.11375568778438921,
      "mx_ut": 4.136217480268927,
      "my_ut": -1.9731072785735164,
      "mz_ut": 1.5638702133878983,
      "isMoving": false,
      "accelStd": 18.65182052226415,
      "gyroStd": 21.123219928068497,
      "gyroBiasCalibrated": true,