{
  "version": "2.1",
  "timestamp": "2025-12-14T10:23:47.694Z",
  "samples": [
    {
      "ax": -591,
      "ay": -1606,
      "az": 8278,
      "gx": 57,
      "gy": -350,
      "gz": 18,
      "mx": 290,
      "my": -138,
      "mz": 100,
      "l": 0.18471781412,
      "t": -75,
      "c": 3880,
      "s": 1,
      "b": 93,
      "n": 8,
      "dt": 1.157,
      "ax_g": -0.0721435546875,
      "ay_g": -0.196044921875,
      "az_g": 1.010498046875,
      "gx_dps": 0.49877493874693735,
      "gy_dps": -3.062653132656633,
      "gz_dps": 0.15750787539376968,
      "mx_ut": 4.238526746565332,
      "my_ut": -2.0169541069862613,
      "mz_ut": 1.4615609470914936,
      "isMoving": false,
      "accelStd": 13.453339527043408,
      "gyroStd": 14.775061896580201,
      "gyroBiasCalibrated": true,
      "orientation_w": 0.9467986805648237,
      "orientation_x": -0.10530072496201069,
      "orientation_y": 0.00314329389366307,
      "orientation_z": 0.30409560257702195,
      "euler_roll": -11.418334112398819,
      "euler_pitch": 4.0137062287452965,
      "euler_yaw": 35.210834272507896,
      "calibrated_mx": -562.1852587176642,
      "calibrated_my": 410.0673981100111,
      "calibrated_mz": 679.0194200191879,
      "fused_mx": -564.2956071971382,
      "fused_my": 1602.9617814739256,
      "fused_mz": 908.492755046728,
      "residual_magnitude": 1926.986012180795,
      "filtered_mx": -896.8494651805452,
      "filtered_my": 1543.7479457454915,
      "filtered_mz": 849.9110163568484
    },
    {
      "ax": -586,
      "ay": -1620,
      "az": 8252,
      "gx": 19,
      "gy": -350,
      "gz": 8,
      "mx": 290,
      "my": -138,
      "mz": 100,
      "l": 0.18471781412,
      "t": -75,
      "c": 3880,
      "s": 1,
      "b": 93,
      "n": 8,
      "dt": 0,
      "ax_g": -0.071533203125,
      "ay_g": -0.19775390625,
      "az_g": 1.00732421875,
      "gx_dps": 0.16625831291564577,
      "gy_dps": -3.062653132656633,
      "gz_dps": 0.07000350017500875,
      "mx_ut": 4.238526746565332,
      "my_ut": -2.0169541069862613,
      "mz_ut": 1.4615609470914936,
      "isMoving": false,
      "accelStd": 13.063631510762102,
      "gyroStd": 15.106758454009958,
      "gyroBiasCalibrated": true,
      "orientation_w": 0.9469639738914716,
      "orientation_x": -0.10329338832944229,
      "orientation_y": 0.0030104339928772395,
      "orientation_z": 0.30427067779572514,
      "euler_roll": -11.201226100968311,
      "euler_pitch": 3.9312735896712994,
      "euler_yaw": 35.239990021548884,
      "calibrated_mx": -562.1852587176642,
      "calibrated_my": 410.0673981100111,
      "calibrated_mz": 679.0194200191879,
      "fused_mx": -563.6950877596023,
      "fused_my": 1603.8152116431495,
      "fused_mz": 904.0157600375436,
      "residual_magnitude": 1925.414209841229,
      "filtered_mx": -896.3385000459292,
      "filtered_my": 1543.8400720409436,
      "filtered_mz": 849.9939978198332
    },
    {
      "ax": -590,
      "ay": -1638,
      "az": 8246,
      "gx": 12,
      "gy": -333,
      "gz": 11,
      "mx": 297,
      "my": -126,
      "mz": 111,
      "l": 0.18471781412,
      "t": -75,
      "c": 3880,
      "s": 1,
      "b": 93,
      "n": 8,
      "dt": 0,
      "ax_g": -0.072021484375,
      "ay_g": -0.199951171875,
      "az_g": 1.006591796875,
      "gx_dps": 0.10500525026251313,
      "gy_dps": -2.913895694784739,
      "gz_dps": 0.09625481274063703,
      "mx_ut": 4.340836012861736,
      "my_ut": -1.8415667933352822,
      "mz_ut": 1.6223326512715581,
      "isMoving": false,
      "accelStd": 11.551564962969705,
      "gyroStd": 13.00345102323495,
      "gyroBiasCalibrated": true,
      "orientation_w": 0.9467876609109094,
      "orientation_x": -0.10435900706361766,
      "orientation_y": 0.003980785770699449,
      "orientation_z": 0.30444453704442215,
      "euler_roll": -11.284610903808257,
      "euler_pitch": 4.076077305706954,
      "euler_yaw": 35.248063708561645,
      "calibrated_mx": -562.0429825792056,
      "calibrated_my": 410.2472072796967,
      "calibrated_mz": 679.1425693063507,
      "fused_mx": -563.3538123190999,
      "fused_my": 1603.6649718316426,
      "fused_mz": 905.8842635263818,
      "residual_magnitude": 1926.0672778070298,
      "filtered_mx": -895.8285772457779,
      "filtered_my": 1543.9316861047262,
      "filtered_mz": 850.0795865025586
    },
    {
      "ax": -604,
      "ay": -1654,
      "az": 8259,
      "gx": -3,
      "gy": -318,
      "gz": 13,
      "mx": 297,
      "my": -126,
      "mz": 111,
      "l": 0.18471781412,
      "t": -75,
      "c": 3880,
      "s": 1,
      "b": 93,
      "n": 8,
      "dt": 0,
      "ax_g": -0.07373046875,
      "ay_g": -0.201904296875,
      "az_g": 1.0081787109375,
      "gx_dps": -0.026251312565628283,
      "gy_dps": -2.7826391319565977,
      "gz_dps": 0.11375568778438921,
      "mx_ut": 4.340836012861736,
      "my_ut": -1.8415667933352822,
      "mz_ut": 1.6223326512715581,
      "isMoving": false,
      "accelStd": 10.132199355081,
      "gyroStd": 13.718951207801354,
      "gyroBiasCalibrated": true,
      "orientation_w": 0.9465776134495486,
      "orientation_x": -0.10608163723206443,
      "orientation_y": 0.004009548656875625,
      "orientation_z": 0.30450194002319536,
      "euler_roll": -11.473004542070278,
      "euler_pitch": 4.140060593151355,
      "euler_yaw": 35.24856517526155,
      "calibrated_mx": -562.0429825792056,
      "calibrated_my": 410.2472072796967,
      "calibrated_mz": 679.1425693063507,
      "fused_mx": -563.3307305262229,
      "fused_my": 1602.9131300029198,
      "fused_mz": 909.8064229993979,
      "residual_magnitude": 1927.2829946901738,
      "filtered_mx": -895.3201785260036,
      "filtered_my": 1544.021870419795,
      "filtered_mz": 850.1709105442351
    },
    {
      "ax": -601,
      "ay": -1632,
      "az": 8250,
      "gx": 33,
      "gy": -337,
      "gz": 9,
      "mx": 297,
      "my": -129,
      "mz": 120,
      "l": 0.18471781412,
      "t": -75,
      "c": 3880,
      "s": 1,
      "b": 93,
      "n": 8,
      "dt": 0,
      "ax_g": -0.0733642578125,
      "ay_g": -0.19921875,
      "az_g": 1.007080078125,
      "gx_dps": 0.2887644382219111,
      "gy_dps": -2.9488974448722436,
      "gz_dps": 0.07875393769688484,
      "mx_ut": 4.340836012861736,
      "my_ut": -1.8854136217480268,
      "mz_ut": 1.7538731365097924,
      "isMoving": false,
      "accelStd": 9.741658894580219,
      "gyroStd": 13.06120035332435,
      "gyroBiasCalibrated": true,
      "orientation_w": 0.9467561852363867,
      "orientation_x": -0.10401954193490803,
      "orientation_y": 0.0037520375467797137,
      "orientation_z": 0.3046614232661301,
      "euler_roll": -11.25415807711412,
      "euler_pitch": 4.041902659740862,
      "euler_yaw": 35.277428850528715,
      "calibrated_mx": -562.0429825792056,
      "calibrated_my": 410.2022549872753,
      "calibrated_mz": 679.2433278140294,
      "fused_mx": -562.7394607332482,
      "fused_my": 1603.732547568322,
      "fused_mz": 905.3946721171812,
      "residual_magnitude": 1925.713711093761,
      "filtered_mx": -894.8124294568402,
      "filtered_my": 1544.1130303671982,
      "filtered_mz": 850.2552203434335
    },
    {
      "ax": -637,
      "ay": -1633,
      "az": 8283,
      "gx": 57,
      "gy": -343,
      "gz": 11,
      "mx": 297,
      "my": -129,
      "mz": 120,
      "l": 0.18471781412,
      "t": -75,
      "c": 3880,
      "s": 1,
      "b": 93,
      "n": 8,
      "dt": 0,
      "ax_g": -0.0777587890625,
      "ay_g": -0.1993408203125,
      "az_g": 1.0111083984375,
      "gx_dps": 0.49877493874693735,
      "gy_dps": -3.0014000700035,
      "gz_dps": 0.09625481274063703,
      "mx_ut": 4.340836012861736,
      "my_ut": -1.8854136217480268,
      "mz_ut": 1.7538731365097924,
      "isMoving": false,
      "accelStd": 13.030987593029717,
      "gyroStd": 13.369784508236172,
      "gyroBiasCalibrated": true,