{
  "version": "2.1",
  "timestamp": "2026-01-09T00:19:50.224Z",
  "samples": [
    {
      "ax": 7300,
      "ay": 3364,
      "az": -1616,
      "gx": 848,
      "gy": 1931,
      "gz": -780,
      "mx": 9,
      "my": 543,
      "mz": 17314,
      "t": 10485760,
      "mode": "L",
      "ctx": "u",
      "grip": 0,
      "l": null,
      "b": null,
      "temp": 165,
      "s": 1,
      "n": 0,
      "dt": 1.345,
      "ax_g": 0.89111328125,
      "ay_g": 0.41064453125,
      "az_g": -0.197265625,
      "gx_dps": 7.420371018550927,
      "gy_dps": 16.897094854742736,
      "gz_dps": -6.8253412670633535,
      "mx_ut": 53.02734375,
      "my_ut": -0.87890625,
      "mz_ut": 1690.8203125,
      "isMoving": true,
      "accelStd": 557.4455103323278,
      "gyroStd": 8422.893965846508,
      "gyroBiasCalibrated": true,
      "orientation_w": -0.8111043031850941,
      "orientation_x": -0.31400503119903606,
      "orientation_y": 0.19580327099854408,
      "orientation_z": -0.45295885994490265,
      "euler_roll": 24.570936121443246,
      "euler_pitch": -37.02019450131112,
      "euler_yaw": 50.02228529665147,
      "ahrs_mag_residual_x": 2.9566931838043473,
      "ahrs_mag_residual_y": -30.900970449672823,
      "ahrs_mag_residual_z": 341.6024820492594,
      "ahrs_mag_residual_magnitude": 343.01001115350743,
      "iron_mx": 184.7585037915983,
      "iron_my": -127.28419721920245,
      "iron_mz": 1050.6684942888667,
      "mag_cal_ready": true,
      "mag_cal_confidence": 0.11972200365571373,
      "mag_cal_mean_residual": 44.013899817214316,
      "mag_cal_earth_magnitude": 33.979027033511926,
      "mag_cal_hard_iron": false,
      "mag_cal_soft_iron": false,
      "residual_mx": 193.13182409708034,
      "residual_my": -96.61029099695872,
      "residual_mz": 1054.1885863831565,
      "residual_magnitude": 1076.0794698655393,
      "magnet_status": "confirmed",
      "magnet_confidence": 0.9156569345112839,
      "magnet_detected": true,
      "magnet_baseline_established": true,
      "magnet_baseline_residual": 15.320444057568686,
      "magnet_deviation": 57.82846725564196,
      "filtered_mx": 60.21999822051044,
      "filtered_my": -55.64137809528548,
      "filtered_mz": 300.62286449674787,
      "modeName": "LOW_POWER",
      "contextName": "unknown",
      "isGripped": false
    },
    {
      "ax": 7147,
      "ay": 3341,
      "az": -1196,
      "gx": 1607,
      "gy": 2167,
      "gz": -611,
      "mx": 4,
      "my": 562,
      "mz": 17871,
      "t": 10485760,
      "mode": "L",
      "ctx": "u",
      "grip": 0,
      "l": null,
      "b": null,
      "temp": 165,
      "s": 1,
      "n": 0,
      "dt": 0.511,
      "ax_g": 0.8724365234375,
      "ay_g": 0.4078369140625,
      "az_g": -0.14599609375,
      "gx_dps": 14.061953097654882,
      "gy_dps": 18.962198109905493,
      "gz_dps": -5.3465173258662935,
      "mx_ut": 54.8828125,
      "my_ut": -0.390625,
      "mz_ut": 1745.21484375,
      "isMoving": true,
      "accelStd": 583.6926486839258,
      "gyroStd": 8475.25458242611,
      "gyroBiasCalibrated": true,
      "orientation_w": -0.8097156637649061,
      "orientation_x": -0.3413768845302318,
      "orientation_y": 0.09338330141907956,
      "orientation_z": -0.4680832464191212,
      "euler_roll": 31.83947040336592,
      "euler_pitch": -28.087111940949363,
      "euler_yaw": 51.901156736646584,
      "ahrs_mag_residual_x": 2.9566931838043473,
      "ahrs_mag_residual_y": -30.900970449672823,
      "ahrs_mag_residual_z": 341.6024820492594,
      "ahrs_mag_residual_magnitude": 343.01001115350743,
      "iron_mx": 193.04589237676933,
      "iron_my": -130.20509476877942,
      "iron_mz": 1084.78812528968,
      "mag_cal_ready": true,
      "mag_cal_confidence": 0.11972200365571373,
      "mag_cal_mean_residual": 44.013899817214316,
      "mag_cal_earth_magnitude": 33.979027033511926,
      "mag_cal_hard_iron": false,
      "mag_cal_soft_iron": false,
      "residual_mx": 195.84268079719251,
      "residual_my": -99.62105517372197,
      "residual_mz": 1085.5144013539755,
      "residual_magnitude": 1107.5288826042581,
      "magnet_status": "confirmed",
      "magnet_confidence": 0.9571450837476257,
      "magnet_detected": true,
      "magnet_baseline_established": true,
      "magnet_baseline_residual": 15.320444057568686,
      "magnet_deviation": 78.57254187381287,
      "filtered_mx": 96.85930838929707,
      "filtered_my": -67.52276105413398,
      "filtered_mz": 512.6661888242081,
      "modeName": "LOW_POWER",
      "contextName": "unknown",
      "isGripped": false
    }
  ],
  "labels": [],
  "metadata": {
    "sample_rate": 26,
    "device": "GAMBIT",
    "firmware_version": "0.4.2",
    "calibration": {
      "hardIronOffset": {
        "x": 0,
        "y": 0,
        "z": 0
      },
      "softIronMatrix": [
        1,
        0,
        0,
        0,
        1,
        0,
        0,
        0,
        1
      ],
      "hardIronCalibrated": false,
      "softIronCalibrated": false,
      "extendedBaseline": {
        "x": 0.8466382841785367,
        "y": -0.4168302320039236,
        "z": -15.932827259028134
      },
      "extendedBaselineMagnitude": 15.960749615622042,
      "earthFieldWorld": {
        "x": -15.768084523240578,
        "y": 0.15490332216495045,
        "z": 30.098468292802835
      },
      "earthFieldMagnitude": 33.979027033511926,
      "timestamp": "2026-01-09T00:19:50.224Z",
      "autoHardIron": {
        "estimate": {
          "x": 47.705078125,
          "y": -9.899999999999999,
          "z": 22.553515625000003
        },
        "ranges": {
          "x": 146.58203125,
          "y": 99,
          "z": 229.30703125
        },
        "ready": true
      },
      "units": {
        "hardIronOffset": "µT",
        "softIronMatrix": "dimensionless",
        "extendedBaseline": "µT",
        "earthFieldWorld": "µT",
        "earthFieldMagnitude": "µT"
      }
    },
    "location": {
      "city": "Edinburgh",
      "country": "UK",
      "latitude": 55.95,
      "longitude": -3.19,
      "geomagnetic_field": {
        "declination": -1.5,
        "declination_unit": "degrees",
        "inclination": 71.5,
        "inclination_unit": "degrees",
        "total_intensity": 50.5,
        "horizontal_intensity": 16,
        "vertical_intensity": 47.8,
        "intensity_unit": "µT",
        "model": "IGRF-13",
        "epoch": 2025
      }
    },
    "subject_id": "unknown",
    "environment": "unknown",
    "hand": "unknown",
    "split": "train",
    "magnet_config": "none",
    "magnet_type": "unknown",
    "notes": "",
    "session_type": "streaming"
  }
}