{
  "version": "2.1",
  "timestamp": "2026-01-09T00:20:07.769Z",
  "samples": [
    {
      "ax": -721,
      "ay": -198,
      "az": 8481,
      "gx": -501,
      "gy": -1352,
      "gz": 1610,
      "mx": 24,
      "my": 342,
      "mz": 485,
      "t": 170,
      "mode": "H",
      "ctx": "t",
      "grip": 0,
      "l": null,
      "b": null,
      "temp": 22,
      "s": 1,
      "n": 0,
      "dt": 9.06,
      "ax_g": -0.0880126953125,
      "ay_g": -0.024169921875,
      "az_g": 1.0352783203125,
      "gx_dps": -4.383969198459923,
      "gy_dps": -11.830591529576479,
      "gz_dps": 14.088204410220511,
      "mx_ut": 33.3984375,
      "my_ut": -2.34375,
      "mz_ut": 47.36328125,
      "isMoving": true,
      "accelStd": 129.6786655056135,
      "gyroStd": 1484.651478393207,
      "gyroBiasCalibrated": true,
      "orientation_w": -0.11494942522014395,
      "orientation_x": -0.4293205590000092,
      "orientation_y": 0.5996557353457729,
      "orientation_z": -0.6654949183340161,
      "euler_roll": -97.15541096806577,
      "euler_pitch": -45.176483374406025,
      "euler_yaw": -149.11096009355967,
      "ahrs_mag_residual_x": 2.9566931838043473,
      "ahrs_mag_residual_y": -30.900970449672823,
      "ahrs_mag_residual_z": 341.6024820492594,
      "ahrs_mag_residual_magnitude": 343.01001115350743,
      "iron_mx": -12.068982450167788,
      "iron_my": 5.758371260296002,
      "iron_mz": 15.962621387602523,
      "mag_cal_ready": true,
      "mag_cal_confidence": 0.17670670784089637,
      "mag_cal_mean_residual": 41.16466460795518,
      "mag_cal_earth_magnitude": 39.570120320563674,
      "mag_cal_hard_iron": false,
      "mag_cal_soft_iron": false,
      "residual_mx": -31.060771961179267,
      "residual_my": 29.637450747590307,
      "residual_mz": 58.08840130611287,
      "residual_magnitude": 72.2316579343174,
      "magnet_status": "confirmed",
      "magnet_confidence": 0.5272253847486151,
      "magnet_detected": true,
      "magnet_baseline_established": true,
      "magnet_baseline_residual": 15.320444057568686,
      "magnet_deviation": 28.520951928073067,
      "filtered_mx": -38.28543705818533,
      "filtered_my": 15.699618930960593,
      "filtered_mz": 25.42227026122952,
      "modeName": "HIGH_RES",
      "contextName": "table",
      "isGripped": false
    },
    {
      "ax": -247,
      "ay": -387,
      "az": 8304,
      "gx": 196,
      "gy": -554,
      "gz": -118,
      "mx": 28,
      "my": 335,
      "mz": 508,
      "t": 373,
      "mode": "H",
      "ctx": "t",
      "grip": 0,
      "l": null,
      "b": null,
      "temp": 22,
      "s": 1,
      "n": 0,
      "dt": 0.209,
      "ax_g": -0.0301513671875,
      "ay_g": -0.0472412109375,
      "az_g": 1.013671875,
      "gx_dps": 1.7150857542877143,
      "gy_dps": -4.847742387119356,
      "gz_dps": -1.032551627581379,
      "mx_ut": 32.71484375,
      "my_ut": -2.734375,
      "mz_ut": 49.609375,
      "isMoving": true,
      "accelStd": 120.22753055915437,
      "gyroStd": 1580.7491322393662,
      "gyroBiasCalibrated": true,
      "orientation_w": -0.1134153030736447,
      "orientation_x": -0.4321916170876427,
      "orientation_y": 0.5941545212512791,
      "orientation_z": -0.6688256723725139,
      "euler_roll": -96.51909205376815,
      "euler_pitch": -45.4708800795821,
      "euler_yaw": -148.93464149403522,
      "ahrs_mag_residual_x": 2.9566931838043473,
      "ahrs_mag_residual_y": -30.900970449672823,
      "ahrs_mag_residual_z": 341.6024820492594,
      "ahrs_mag_residual_magnitude": 343.01001115350743,
      "iron_mx": -12.911255284333382,
      "iron_my": 4.436079373150095,
      "iron_mz": 17.46374842152015,
      "mag_cal_ready": true,
      "mag_cal_confidence": 0.17615872965200696,
      "mag_cal_mean_residual": 41.19206351739965,
      "mag_cal_earth_magnitude": 39.5856337674888,
      "mag_cal_hard_iron": false,
      "mag_cal_soft_iron": false,
      "residual_mx": -32.15079515752,
      "residual_my": 28.427654948255913,
      "residual_mz": 59.3379510087515,
      "residual_magnitude": 73.23112470141984,
      "magnet_status": "confirmed",
      "magnet_confidence": 0.5433299749574603,
      "magnet_detected": true,
      "magnet_baseline_established": true,
      "magnet_baseline_residual": 15.320444057568686,
      "magnet_deviation": 29.12487406090476,
      "filtered_mx": -36.62812544111253,
      "filtered_my": 19.138176925958923,
      "filtered_mz": 34.58480209502805,
      "modeName": "HIGH_RES",
      "contextName": "table",
      "isGripped": false
    },
    {
      "ax": -460,
      "ay": -293,
      "az": 8283,
      "gx": -350,
      "gy": 1860,
      "gz": 1219,
      "mx": 29,
      "my": 338,
      "mz": 482,
      "t": 473,
      "mode": "H",
      "ctx": "t",
      "grip": 0,
      "l": 0.09411764705882353,
      "b": null,
      "temp": 22,
      "s": 1,
      "n": 0,
      "dt": 0.12,
      "ax_g": -0.05615234375,
      "ay_g": -0.0357666015625,
      "az_g": 1.0111083984375,
      "gx_dps": -3.062653132656633,
      "gy_dps": 16.275813790689533,
      "gz_dps": 10.666783339166958,
      "mx_ut": 33.0078125,
      "my_ut": -2.83203125,
      "mz_ut": 47.0703125,
      "isMoving": true,
      "accelStd": 120.75962239927257,
      "gyroStd": 1587.5909447989227,
      "gyroBiasCalibrated": true,
      "orientation_w": -0.11964036742650296,
      "orientation_x": -0.41092434307114173,
      "orientation_y": 0.5970111205840861,
      "orientation_z": -0.6785315679115717,
      "euler_roll": -94.06282281491477,
      "euler_pitch": -44.46741683720926,
      "euler_yaw": -152.6115574021547,
      "ahrs_mag_residual_x": 2.9566931838043473,
      "ahrs_mag_residual_y": -30.900970449672823,
      "ahrs_mag_residual_z": 341.6024820492594,
      "ahrs_mag_residual_magnitude": 343.01001115350743,
      "iron_mx": -12.84666502742167,
      "iron_my": 4.61248474014112,
      "iron_mz": 15.850976284841575,
      "mag_cal_ready": true,
      "mag_cal_confidence": 0.17102138922357601,
      "mag_cal_mean_residual": 41.4489305388212,
      "mag_cal_earth_magnitude": 39.58552655480689,
      "mag_cal_hard_iron": false,
      "mag_cal_soft_iron": false,
      "residual_mx": -32.00593504393409,
      "residual_my": 29.746044055472293,
      "residual_mz": 56.6985528919696,
      "residual_magnitude": 71.58165208368763,
      "magnet_status": "confirmed",
      "magnet_confidence": 0.563045539014793,
      "magnet_detected": true,
      "magnet_baseline_established": true,
      "magnet_baseline_residual": 15.320444057568686,
      "magnet_deviation": 29.86420771305474,
      "filtered_mx": -35.37941199286132,
      "filtered_my": 22.00395812570597,
      "filtered_mz": 40.5589692406033,
      "modeName": "HIGH_RES",
      "contextName": "table",
      "isGripped": false
    },
    {
      "ax": -297,
      "ay": -294,
      "az": 8249,
      "gx": -544,
      "gy": -4207,
      "gz": 2246,
      "mx": 31,
      "my": 339,
      "mz": 478,
      "t": 589,
      "mode": "H",
      "ctx": "t",
      "grip": 0,
      "l": null,
      "b": null,
      "temp": 22,
      "s": 1,
      "n": 0,
      "dt": 0.089,
      "ax_g": -0.0362548828125,
      "ay_g": -0.035888671875,
      "az_g": 1.0069580078125,
      "gx_dps": -4.760238011900595,
      "gy_dps": -36.81309065453273,
      "gz_dps": 19.653482674133706,
      "mx_ut": 33.10546875,
      "my_ut": -3.02734375,
      "mz_ut": 46.6796875,
      "isMoving": true,
      "accelStd": 108.52658343085068,
      "gyroStd": 1191.2321944321352,
      "gyroBiasCalibrated": true,
      "orientation_w": -0.09525758961156125,
      "orientation_x": -0.4186540499224908,
      "orientation_y": 0.6074090521238623,
      "orientation_z": -0.6683629414493917,
      "euler_roll": -96.88692638579522,
      "euler_pitch": -42.481051965341386,
      "euler_yaw": -148.87173041907002,
      "ahrs_mag_residual_x": 2.9566931838043473,
      "ahrs_mag_residual_y": -30.900970449672823,