{
  "improved_dipole": {
    "params": "[-4.76126890e-02  1.07264801e-02  1.02749369e-01  8.51108538e-02\n  9.10655866e-02 -6.24805338e-02 -1.41430438e-01  1.16054357e-01\n  1.07097265e-01 -1.28106303e-01  8.89535198e-02 -4.76696180e-02\n -4.56396681e-02  1.03999770e-01  1.13768895e-01  7.39735558e-02\n -2.56262103e-02 -7.71086445e-02  7.31619356e-02 -7.25009711e-02\n  6.08114055e-02  6.46025614e-02  7.56362482e-02  5.84646244e-03\n  5.75202545e-02  2.05801539e-02 -4.63340256e-02 -6.85053701e-02\n  6.03989593e-02  3.88322756e-02 -1.20995413e+00  9.70138785e-01\n  1.15532526e+00  5.15032393e-01 -1.36204919e+00  1.92129088e+00\n -9.89797564e-01  5.85463573e-02 -1.98371330e+00  5.81454177e-01\n -9.72584591e-01  5.64228894e-01 -1.73191429e-02 -1.00776107e+00\n  1.43054049e+00 -6.45058541e+01 -6.09338598e+01 -2.96850946e+01]",
    "error": 660.2612426080417,
    "time": 10.677653074264526,
    "analysis": {
      "baseline_field": [
        -64.50585413694066,
        -60.933859791847645,
        -29.685094562352198
      ],
      "magnets": {
        "thumb": {
          "position_extended_cm": [
            -4.761268904212326,
            1.0726480136022132,
            10.274936887767357
          ],
          "position_flexed_cm": [
            7.3973555816479495,
            -2.562621025448167,
            -7.710864448600499
          ],
          "travel_distance_cm": 22.01218708092704,
          "dipole_moment_Am2": [
            -1.2099541259368443,
            0.9701387845402554,
            1.1553252552593305
          ],
          "dipole_magnitude_Am2": 1.9338910759349592
        },
        "index": {
          "position_extended_cm": [
            8.511085379551734,
            9.106558664530901,
            -6.248053375763144
          ],
          "position_flexed_cm": [
            7.316193564337007,
            -7.250097107245625,
            6.08114054523597
          ],
          "travel_distance_cm": 20.51772349038896,
          "dipole_moment_Am2": [
            0.5150323934091046,
            -1.3620491872538458,
            1.9212908801937942
          ],
          "dipole_magnitude_Am2": 2.4107664758485874
        },
        "middle": {
          "position_extended_cm": [
            -14.143043829454497,
            11.605435742167556,
            10.709726481380542
          ],
          "position_flexed_cm": [
            6.46025614115037,
            7.563624818007507,
            0.5846462440376499
          ],
          "travel_distance_cm": 23.30985746498716,
          "dipole_moment_Am2": [
            -0.9897975637562986,
            0.05854635728630875,
            -1.9837132954306118
          ],
          "dipole_magnitude_Am2": 2.2177117332145713
        },
        "ring": {
          "position_extended_cm": [
            -12.810630290636462,
            8.895351984417799,
            -4.766961798981636
          ],
          "position_flexed_cm": [
            5.752025447771459,
            2.0580153932328002,
            -4.633402559180263
          ],
          "travel_distance_cm": 19.782295058823234,
          "dipole_moment_Am2": [
            0.5814541771980508,
            -0.9725845907717487,
            0.5642288944690064
          ],
          "dipole_magnitude_Am2": 1.2658451689450134
        },
        "pinky": {
          "position_extended_cm": [
            -4.563966811445199,
            10.399977025022512,
            11.376889482508034
          ],
          "position_flexed_cm": [
            -6.850537014851074,
            6.0398959256931875,
            3.8832275550387902
          ],
          "travel_distance_cm": 8.966252258944897,
          "dipole_moment_Am2": [
            -0.017319142911087493,
            -1.0077610736737026,
            1.4305404886445166
          ],
          "dipole_magnitude_Am2": 1.7499509775917839
        }
      },
      "predictions": {
        "fffff": {
          "observed": [
            250.00872838896532,
            -44.68633065653472,
            148.5209915209864
          ],
          "predicted": [
            -299.6477185336564,
            -70.54883095419873,
            231.43313349496444
          ],
          "error_ut": 556.475967003033
        },
        "feeee": {
          "observed": [
            438.06870464096414,
            179.17404176918993,
            -287.11032388641337
          ],
          "predicted": [
            -312.1510065860639,
            -75.65718121970303,
            187.77351630071985
          ],
          "error_ut": 923.7333105363576
        },
        "efeee": {
          "observed": [
            108.24159300884288,
            -102.9262465797871,
            353.86305113005676
          ],
          "predicted": [
            133.61975387792577,
            -226.3659063636792,
            280.8946490286303
          ],
          "error_ut": 145.62207374534788
        },
        "eefee": {
          "observed": [
            158.60303829813805,
            -220.40454247312613,
            244.10184827421216
          ],
          "predicted": [
            -236.5167576508281,
            -298.77731750732795,
            376.7226208233687
          ],
          "error_ut": 424.0875078670078
        },
        "eeefe": {
          "observed": [
            -640.510254274068,
            -133.65654634213627,
            302.11206094927627
          ],
          "predicted": [
            -440.32531947746713,
            72.65407493988619,
            136.02741389285143
          ],
          "error_ut": 331.9972749303082
        },
        "eeeef": {
          "observed": [
            -803.098158867599,
            -897.4296443176324,
            1312.5869651331295
          ],
          "predicted": [
            -161.69111732062146,
            -80.53059655124929,
            69.20453100849062
          ],
          "error_ut": 1620.1008995360078
        },
        "ffeee": {
          "observed": [
            20.901266313923024,
            -120.91930386871208,
            238.41129131839043
          ],
          "predicted": [
            0.822929447711445,
            -167.4910636464136,
            263.870765939576
          ],
          "error_ut": 56.74727542439198
        },
        "eeeff": {
          "observed": [
            101.08493145952237,
            -5.276372547496496,
            203.86756989614403
          ],
          "predicted": [
            -422.66225464223896,
            126.65550232560551,
            0.43454551156792576
          ],
          "error_ut": 577.1500064691159
        },
        "eefff": {
          "observed": [
            -1503.48788291829,
            -659.191925843126,
            1003.617510056639
          ],
          "predicted": [
            -479.8248301372174,
            -37.589791244753805,
            172.3597669451625
          ],
          "error_ut": 1457.8287604684933
        }
      },
      "errors": {
        "mean_error_ut": 677.082563997785,
        "max_error_ut": 1620.1008995360078,
        "rmse_ut": 853.7850970082312
      }
    }
  }
}