{
  "session": ".worktrees/data/GAMBIT/2025-12-31T14_06_18.270Z.json",
  "optimization": {
    "success": false,
    "initial_error": 11707.123337235445,
    "final_error": 584.5704262601766,
    "elapsed_time": 3.737144947052002,
    "n_iterations": 100
  },
  "analysis": {
    "baseline_field": [
      65.60661782595929,
      -32.37307295631631,
      15.29752348438127
    ],
    "magnets": {
      "thumb": {
        "position_extended_m": [
          0.03335383517748325,
          -0.14381993408518534,
          -0.023186532117342406
        ],
        "position_extended_cm": [
          3.335383517748325,
          -14.381993408518534,
          -2.3186532117342407
        ],
        "position_flexed_m": [
          0.07383069119844066,
          0.06648848912467827,
          0.07086176592342822
        ],
        "position_flexed_cm": [
          7.383069119844066,
          6.648848912467827,
          7.086176592342822
        ],
        "travel_distance_cm": 23.390829637002195,
        "dipole_moment_Am2": [
          -0.5487785082073836,
          0.17354534928481025,
          -0.7596909714068556
        ],
        "dipole_magnitude_Am2": 0.9531034630961112
      },
      "index": {
        "position_extended_m": [
          0.032101972155347554,
          0.059420081795906465,
          0.032852969147892264
        ],
        "position_extended_cm": [
          3.2101972155347553,
          5.942008179590647,
          3.2852969147892264
        ],
        "position_flexed_m": [
          0.06746384911118002,
          0.05566510436094246,
          -0.00723593047702603
        ],
        "position_flexed_cm": [
          6.746384911118001,
          5.566510436094246,
          -0.7235930477026029
        ],
        "travel_distance_cm": 5.358807769003566,
        "dipole_moment_Am2": [
          0.5857279103159634,
          0.11778232103451036,
          -0.8844194703905103
        ],
        "dipole_magnitude_Am2": 1.0673086056418792
      },
      "middle": {
        "position_extended_m": [
          0.07348983991277493,
          -0.0771436496803807,
          0.11095631437520374
        ],
        "position_extended_cm": [
          7.348983991277493,
          -7.714364968038071,
          11.095631437520375
        ],
        "position_flexed_m": [
          0.013905211102434586,
          -0.05499302723143036,
          -0.011568538062867706
        ],
        "position_flexed_cm": [
          1.3905211102434585,
          -5.499302723143036,
          -1.1568538062867706
        ],
        "travel_distance_cm": 13.803375503953069,
        "dipole_moment_Am2": [
          -0.9341535247003949,
          -0.013410383726165653,
          0.38634839270912136
        ],
        "dipole_magnitude_Am2": 1.01098354420375
      },
      "ring": {
        "position_extended_m": [
          0.04120991322578977,
          -0.0692868608856926,
          -0.024533903119035836
        ],
        "position_extended_cm": [
          4.120991322578977,
          -6.928686088569259,
          -2.4533903119035836
        ],
        "position_flexed_m": [
          0.0735462376280348,
          -0.029540278450802235,
          0.052751588048861375
        ],
        "position_flexed_cm": [
          7.354623762803481,
          -2.9540278450802235,
          5.2751588048861375
        ],
        "travel_distance_cm": 9.272796685015734,
        "dipole_moment_Am2": [
          0.07642719047668445,
          0.3535409388199835,
          -0.8965156882656653
        ],
        "dipole_magnitude_Am2": 0.9667329983880422
      },
      "pinky": {
        "position_extended_m": [
          0.08894411064919773,
          0.07967808437772421,
          0.030519042808766227
        ],
        "position_extended_cm": [
          8.894411064919773,
          7.967808437772421,
          3.051904280876623
        ],
        "position_flexed_m": [
          -0.050610823318881344,
          -0.04893473545671284,
          0.005681703297185763
        ],
        "position_flexed_cm": [
          -5.061082331888135,
          -4.893473545671284,
          0.5681703297185763
        ],
        "travel_distance_cm": 19.139940035071636,
        "dipole_moment_Am2": [
          -0.7053914279476414,
          -0.6638902393817065,
          -0.9257918221973762
        ],
        "dipole_magnitude_Am2": 1.339932018654622
      }
    },
    "predictions": {
      "fffff": {
        "observed": [
          250.00872838896532,
          -44.68633065653472,
          148.5209915209864
        ],
        "predicted": [
          20.276903332264112,
          159.97012768629662,
          313.39165359336243
        ],
        "error_ut": 349.06061450340894,
        "error_vector": [
          -229.7318250567012,
          204.65645834283134,
          164.87066207237604
        ]
      },
      "feeee": {
        "observed": [
          438.06870464096414,
          179.17404176918993,
          -287.11032388641337
        ],
        "predicted": [
          -212.2129118907718,
          -295.7349450987306,
          319.0615469381149
        ],
        "error_ut": 1007.893379076354,
        "error_vector": [
          -650.281616531736,
          -474.9089868679205,
          606.1718708245282
        ]
      },
      "efeee": {
        "observed": [
          108.24159300884288,
          -102.9262465797871,
          353.86305113005676
        ],
        "predicted": [
          107.05048054336093,
          -12.567752158734436,
          281.06317536850196
        ],
        "error_ut": 116.04265669934763,
        "error_vector": [
          -1.1911124654819503,
          90.35849442105267,
          -72.7998757615548
        ]
      },
      "eefee": {
        "observed": [
          158.60303829813805,
          -220.40454247312613,
          244.10184827421216
        ],
        "predicted": [
          193.22502851733697,
          208.63908861057922,
          277.75119879700065
        ],
        "error_ut": 431.75154703930644,
        "error_vector": [
          34.62199021919892,
          429.04363108370535,
          33.649350522788495
        ]
      },
      "eeefe": {
        "observed": [
          -640.510254274068,
          -133.65654634213627,
          302.11206094927627
        ],
        "predicted": [
          -306.6115121571648,
          -135.1847088471497,
          217.2010233139821
        ],
        "error_ut": 344.529519170991,
        "error_vector": [
          333.8987421169032,
          -1.5281625050134267,
          -84.91103763529418
        ]
      },
      "eeeef": {
        "observed": [
          -803.098158867599,
          -897.4296443176324,
          1312.5869651331295
        ],
        "predicted": [
          -407.7597716797224,
          -467.2533952948652,
          688.1292324828688
        ],
        "error_ut": 855.1558369527239,
        "error_vector": [
          395.33838718787655,
          430.17624902276725,
          -624.4577326502607
        ]
      },
      "ffeee": {
        "observed": [
          20.901266313923024,
          -120.91930386871208,
          238.41129131839043
        ],
        "predicted": [
          56.483966152395496,
          -92.78473713866566,
          232.67109147984036
        ],
        "error_ut": 45.723432363163134,
        "error_vector": [
          35.58269983847247,
          28.134566730046416,
          -5.740199838550069
        ]
      },
      "eeeff": {
        "observed": [
          101.08493145952237,
          -5.276372547496496,
          203.86756989614403
        ],
        "predicted": [
          -552.724886337081,
          -386.9201440232156,
          537.8766249700744
        ],
        "error_ut": 827.4547087453299,
        "error_vector": [
          -653.8098177966034,
          -381.64377147571906,
          334.0090550739304
        ]
      },