{
  "hard_iron": [
    45.70867032372538,
    -43.38110483418335,
    28.554059229822663
  ],
  "soft_iron": [
    [
      0.9678949091846842,
      1.5860032484110411,
      -0.40561265801472657
    ],
    [
      0.6932316826899748,
      -0.44615973580411705,
      -0.09032108098818895
    ],
    [
      0.10992289533477627,
      0.06569324979854232,
      0.5191739316204754
    ]
  ],
  "field_magnitude": 18.093939366956022,
  "raw_magnitude_std": 20.267084384843756,
  "calibrated_magnitude_std": 15.058687725328157,
  "improvement_ratio": 1.3458732098385484
}