{
  "baseline_pose": "EEEEE",
  "baseline_vector": [
    46.505189082216,
    -45.91939257744203,
    30.774928269797428
  ],
  "pose_signatures": {
    "EEEEE": [
      46.505189082216,
      -45.91939257744203,
      30.774928269797428
    ],
    "FFFFF": [
      636.768457911036,
      -293.9809438344595,
      625.9877797719594
    ],
    "FEEEE": [
      384.02848781893226,
      -114.29248633147513,
      -623.3020961754931
    ],
    "EFEEE": [
      622.2883197623239,
      -208.6867589295241,
      1032.9267796250356
    ],
    "EEFEE": [
      703.0596807693578,
      -608.8131668703752,
      778.4786684064482
    ],
    "EEEFE": [
      -593.731938492893,
      363.93044360106603,
      306.1878053799122
    ],
    "EEEEF": [
      586.6986503440569,
      -882.8604036093093,
      2690.0885583307763
    ],
    "FFEEE": [
      398.29058591203557,
      -231.9746074651646,
      668.4096116286057
    ],
    "EEEFF": [
      428.7465863165466,
      -20.04136200633383,
      707.6022051327827
    ],
    "EEFFF": [
      -998.239995411669,
      173.95927944404235,
      1336.2338394988908
    ]
  },
  "note": "Subtract baseline_vector from raw mag to get relative signal"
}