{
  "v4_regularized": {
    "val_acc": 0.8833333333333333,
    "test_acc": 0.6757894736842105,
    "gap": 20.75438596491228,
    "val_per_finger": {
      "thumb": 0.9166666666666666,
      "index": 0.8888888888888888,
      "middle": 0.9444444444444444,
      "ring": 0.8333333333333334,
      "pinky": 0.8333333333333334
    },
    "test_per_finger": {
      "thumb": 0.5684210526315789,
      "index": 0.6526315789473685,
      "middle": 0.7894736842105263,
      "ring": 0.8736842105263158,
      "pinky": 0.49473684210526314
    }
  },
  "v4_dropdim": {
    "val_acc": 0.5722222222222222,
    "test_acc": 0.5305263157894737,
    "gap": 4.169590643274845,
    "val_per_finger": {
      "thumb": 0.4166666666666667,
      "index": 0.9166666666666666,
      "middle": 0.4722222222222222,
      "ring": 0.3611111111111111,
      "pinky": 0.6944444444444444
    },
    "test_per_finger": {
      "thumb": 0.631578947368421,
      "index": 0.8210526315789474,
      "middle": 0.5157894736842106,
      "ring": 0.25263157894736843,
      "pinky": 0.43157894736842106
    }
  }
}