{
  "v4_regularized": {
    "val_acc": 0.9055555555555556,
    "test_acc": 0.728421052631579,
    "gap": 17.71345029239766,
    "val_per_finger": {
      "thumb": 0.9166666666666666,
      "index": 0.8888888888888888,
      "middle": 0.9444444444444444,
      "ring": 0.8888888888888888,
      "pinky": 0.8888888888888888
    },
    "test_per_finger": {
      "thumb": 0.5684210526315789,
      "index": 0.6526315789473685,
      "middle": 0.7894736842105263,
      "ring": 0.9578947368421052,
      "pinky": 0.6736842105263158
    }
  },
  "v5_context": {
    "val_acc": 0.5833333333333334,
    "test_acc": 0.5431578947368421,
    "gap": 4.01754385964913,
    "val_per_finger": {
      "thumb": 0.8333333333333334,
      "index": 0.5833333333333334,
      "middle": 0.2222222222222222,
      "ring": 0.5277777777777778,
      "pinky": 0.75
    },
    "test_per_finger": {
      "thumb": 0.5684210526315789,
      "index": 0.3684210526315789,
      "middle": 0.37894736842105264,
      "ring": 0.5157894736842106,
      "pinky": 0.8842105263157894
    }
  }
}